"","ES_score","Gene"
"DPM1",15.8734100712421,"DPM1"
"IDS",19.3014430572572,"IDS"
"STRAP",30.782349403667,"STRAP"
"KPNA6",23.3818472611134,"KPNA6"
"SNX1",21.6971184582599,"SNX1"
"BOD1L1",30.9818901162763,"BOD1L1"
"CELF2",47.8893015089449,"CELF2"
"HEXB",22.5818154430388,"HEXB"
"TTC17",22.8352196785943,"TTC17"
"GDI2",42.2749484499288,"GDI2"
"MYO9A",11.3784595478133,"MYO9A"
"VPS35",24.5333702959208,"VPS35"
"EIF4G3",19.2777511545331,"EIF4G3"
"SART3",10.5047443964889,"SART3"
"TOP2B",23.6878691192674,"TOP2B"
"LYRM2",10.8098746689199,"LYRM2"
"YTHDC1",36.4281560886384,"YTHDC1"
"STARD7",22.4607692394934,"STARD7"
"EPS15",24.0962056697446,"EPS15"
"RPL6",70.5878246207909,"RPL6"
"MLF2",23.7472439267616,"MLF2"
"TOX4",18.7415636930751,"TOX4"
"SIRT1",8.82921704333779,"SIRT1"
"POLR2E",22.7990506531175,"POLR2E"
"CABIN1",9.4302789633105,"CABIN1"
"EIF3D",28.8441691674518,"EIF3D"
"ACIN1",26.3667566326053,"ACIN1"
"RBL2",19.9959122395488,"RBL2"
"HERC1",28.7801026885732,"HERC1"
"TBCB",23.4307446906574,"TBCB"
"HNRNPUL1",34.8208349979986,"HNRNPUL1"
"COPE",37.367992904213,"COPE"
"SSBP1",29.7179055471908,"SSBP1"
"ZNHIT1",21.5187566109365,"ZNHIT1"
"CHCHD3",12.5904786520708,"CHCHD3"
"EDF1",46.5941375485019,"EDF1"
"TNKS2",19.475162211978,"TNKS2"
"MAP3K8",23.6928274103268,"MAP3K8"
"SMC3",28.757856924834,"SMC3"
"SHOC2",22.0812765305378,"SHOC2"
"AKAP10",12.8878118367995,"AKAP10"
"PPP6R3",32.8131813117129,"PPP6R3"
"HBS1L",14.610192119937,"HBS1L"
"PRPF4B",39.3946836315354,"PRPF4B"
"IK",36.5354057047186,"IK"
"LNPEP",23.358848608854,"LNPEP"
"SMC4",16.6200115673228,"SMC4"
"CBLB",27.9890195539076,"CBLB"
"ACTR3",36.4706701439617,"ACTR3"
"POLE4",15.3790431423075,"POLE4"
"HDLBP",28.5912669113041,"HDLBP"
"CACYBP",31.5165937570321,"CACYBP"
"SFPQ",48.0531659128424,"SFPQ"
"RSRP1",45.879818579786,"RSRP1"
"MESD",20.2806212982503,"MESD"
"RPS25",78.2935008441117,"RPS25"
"HMGN3",31.3362077682933,"HMGN3"
"ITGB1BP1",17.8746003419355,"ITGB1BP1"
"FCF1",9.48097181030032,"FCF1"
"SLIRP",32.6218237916129,"SLIRP"
"RBM25",47.8870352565171,"RBM25"
"ATAD2B",14.5845990743874,"ATAD2B"
"CRIPT",12.2109639278641,"CRIPT"
"SMNDC1",13.8737631484355,"SMNDC1"
"TCP1",33.8386060179443,"TCP1"
"EPC1",28.2689322065406,"EPC1"
"UFM1",31.6231738743677,"UFM1"
"ALG5",14.8278604422018,"ALG5"
"LYPLA1",19.710710979329,"LYPLA1"
"ECD",13.3522575633892,"ECD"
"ACSL3",16.7454969459058,"ACSL3"
"SRSF6",43.277718437496,"SRSF6"
"CSE1L",13.2629826200496,"CSE1L"
"NUP85",14.0655590026481,"NUP85"
"SNRPB2",28.2377271389886,"SNRPB2"
"DYNLRB1",26.9934428206942,"DYNLRB1"
"NSRP1",27.4257970127455,"NSRP1"
"DUT",20.5635161621514,"DUT"
"TULP4",15.7817597736703,"TULP4"
"ATXN10",16.4539406979171,"ATXN10"
"COX7B",37.8725719369036,"COX7B"
"PTCD3",18.8888457379417,"PTCD3"
"POMP",43.7779604823453,"POMP"
"CSNK1G2",12.6558752680006,"CSNK1G2"
"EIF2S1",20.5666943444852,"EIF2S1"
"PUM1",22.8613189276653,"PUM1"
"COX5B",48.8434055053663,"COX5B"
"SRSF1",23.5625086996875,"SRSF1"
"ABI1",27.1040292675052,"ABI1"
"ACTR2",40.8105444204753,"ACTR2"
"FBXO11",13.3003896174929,"FBXO11"
"SEC24B",13.833510219064,"SEC24B"
"ETNK1",28.8343225931623,"ETNK1"
"NDUFA9",15.5799645848955,"NDUFA9"
"SNRPF",23.1034103603712,"SNRPF"
"MBNL2",13.3403303521288,"MBNL2"
"IQGAP1",46.6368456603804,"IQGAP1"
"UQCRC2",17.9777687331201,"UQCRC2"
"RPRD1A",7.72221759766129,"RPRD1A"
"ANAPC11",29.0696940892351,"ANAPC11"
"DCAF6",12.4647168593607,"DCAF6"
"ARF1",52.437069416599,"ARF1"
"CNIH4",18.8006243659756,"CNIH4"
"CIAO1",15.1146681437785,"CIAO1"
"SRPRB",17.5301893007505,"SRPRB"
"CENPC",24.8387569396637,"CENPC"
"NHP2",20.0533942424491,"NHP2"
"PPP4C",28.3766941070676,"PPP4C"
"CCT5",19.9087008546043,"CCT5"
"NDUFC2",33.5300310149902,"NDUFC2"
"UPF2",24.8457488951393,"UPF2"
"TIAL1",26.4204561334379,"TIAL1"
"CWF19L2",22.0339026979777,"CWF19L2"
"UQCRB",59.5763939855777,"UQCRB"
"SEC13",16.7206232028096,"SEC13"
"DYRK1A",16.4358521593938,"DYRK1A"
"MRPL10",11.2003817470781,"MRPL10"
"UBE2Z",15.2759873500065,"UBE2Z"
"ADIPOR1",27.7626146955502,"ADIPOR1"
"PSMB4",44.3548360319408,"PSMB4"
"ADAR",31.8594543359591,"ADAR"
"SRSF2",47.2484638352723,"SRSF2"
"POGLUT1",15.1793587848948,"POGLUT1"
"PPP4R2",17.0628186668893,"PPP4R2"
"PSMD6",22.0153322461714,"PSMD6"
"TIPARP",24.7505104985524,"TIPARP"
"WDR43",22.3854132788367,"WDR43"
"SENP2",8.75220374458283,"SENP2"
"PBRM1",22.148753579664,"PBRM1"
"WDR82",13.9862120298378,"WDR82"
"OTUD4",10.3645232780098,"OTUD4"
"NSA2",23.5771741055811,"NSA2"
"SLU7",21.2130020310498,"SLU7"
"GAPVD1",14.9319870087759,"GAPVD1"
"PCF11",27.8250989932136,"PCF11"
"ARF6",38.3581062786318,"ARF6"
"VDAC2",30.2711873345921,"VDAC2"
"CPSF2",10.3074820589069,"CPSF2"
"CCNDBP1",32.1010957520342,"CCNDBP1"
"LIMS1",24.1630800593432,"LIMS1"
"HNRNPF",35.4173747154699,"HNRNPF"
"PA2G4",30.5185564115707,"PA2G4"
"KIF5B",35.5585072985082,"KIF5B"
"POLR1C",9.08734977399117,"POLR1C"
"HDAC3",11.8589121949846,"HDAC3"
"CAMTA1",23.5366377437874,"CAMTA1"
"HCFC1",12.798501286652,"HCFC1"
"PHC3",30.46708861102,"PHC3"
"RPL4",70.1063116635135,"RPL4"
"GOLGA8A",21.2604256328471,"GOLGA8A"
"SMAD2",17.6844978363229,"SMAD2"
"DRAP1",27.6281558506024,"DRAP1"
"COX8A",39.7795253150085,"COX8A"
"CHD9",24.9333421288323,"CHD9"
"R3HDM2",34.3188599858969,"R3HDM2"
"DAZAP2",65.0325757570098,"DAZAP2"
"PCGF3",13.7761647769646,"PCGF3"
"PSMD13",21.7699892291064,"PSMD13"
"MSL1",13.0690723639839,"MSL1"
"HDAC2",18.8342468899492,"HDAC2"
"RPL12",77.0166417552111,"RPL12"
"ANKRD28",21.8526728202877,"ANKRD28"
"PHB2",23.1457960141936,"PHB2"
"VAMP2",37.5326672976419,"VAMP2"
"PET100",40.8790869569861,"PET100"
"HSBP1",23.8257778983499,"HSBP1"
"CEP95",12.6450664694611,"CEP95"
"AK2",19.2899671987033,"AK2"
"REV3L",21.7928786840901,"REV3L"
"ZNF207",40.3460692764981,"ZNF207"
"UFL1",17.3676390184118,"UFL1"
"RNH1",21.0042059456905,"RNH1"
"AP2S1",26.4232296809174,"AP2S1"
"DCUN1D1",18.4956382363563,"DCUN1D1"
"MED29",14.6389820664676,"MED29"
"TAF11",12.7257221718774,"TAF11"
"CDK13",20.3084148073462,"CDK13"
"ELAVL1",14.2624477608567,"ELAVL1"
"PSME4",23.1177377174105,"PSME4"
"DNAJA2",20.6037970868198,"DNAJA2"
"CDC42",57.6765428423835,"CDC42"
"WDR1",31.4367077433148,"WDR1"
"NFATC3",11.5941003305595,"NFATC3"
"CLASP1",12.8938178234769,"CLASP1"
"THOC1",10.5481340092743,"THOC1"
"RBM22",17.2535973500182,"RBM22"
"SRRT",14.2203665011062,"SRRT"
"FKBP1A",39.4680020316306,"FKBP1A"
"TNRC6A",23.5890364651135,"TNRC6A"
"APEX1",23.3336518754838,"APEX1"
"PRELID3B",23.8846515883796,"PRELID3B"
"USP11",15.9932236073992,"USP11"
"DNAJC3",32.9049142882342,"DNAJC3"
"ARHGEF7",14.0704435410699,"ARHGEF7"
"MRPS31",10.0735056389783,"MRPS31"
"NFAT5",20.8837551575142,"NFAT5"
"CTCF",15.1361175826295,"CTCF"
"UBR5",21.7036340938686,"UBR5"
"OAZ1",74.0516701175134,"OAZ1"
"PSMA2",29.7979096922417,"PSMA2"
"LUC7L3",52.5906550282773,"LUC7L3"
"SUPT6H",16.555990934771,"SUPT6H"
"EIF4G2",56.1493578651685,"EIF4G2"
"SUDS3",14.7492930669173,"SUDS3"
"NCOA7",21.889477599767,"NCOA7"
"SSR3",28.5633211103737,"SSR3"
"ATF2",12.3404099679724,"ATF2"
"SDHB",23.6864610863993,"SDHB"
"PRDX1",43.4029901295438,"PRDX1"
"SYF2",33.9693888853817,"SYF2"
"MED28",19.3726087273949,"MED28"
"AFTPH",18.0631569382844,"AFTPH"
"KDM3B",12.2834659279186,"KDM3B"
"ARL1",10.700188088419,"ARL1"
"RBBP6",28.4931132661421,"RBBP6"
"ZNF644",20.2602969860631,"ZNF644"
"SMU1",24.976435945564,"SMU1"
"DEK",36.7128578451299,"DEK"
"RPL23",85.9650770052563,"RPL23"
"DNAJC8",32.4825722233377,"DNAJC8"
"HP1BP3",40.584438892156,"HP1BP3"
"TXNDC17",17.9996467630815,"TXNDC17"
"PHF20L1",24.5234234569396,"PHF20L1"
"RPL36",75.944801853223,"RPL36"
"UBA1",28.8273814186195,"UBA1"
"PPIL4",19.4093228442452,"PPIL4"
"CAP1",30.2907839448603,"CAP1"
"RLIM",15.7953434952678,"RLIM"
"CAPN7",19.0382591664674,"CAPN7"
"PDHA1",11.4319533408306,"PDHA1"
"RAN",47.4205188709023,"RAN"
"GRSF1",14.1389074901383,"GRSF1"
"TPT1",81.585174134014,"TPT1"
"DPF2",13.9553680190488,"DPF2"
"MRPS36",12.8368274373699,"MRPS36"
"PRPF38B",44.4281092925443,"PRPF38B"
"CDC73",16.4840322484031,"CDC73"
"CCNH",35.9457117884103,"CCNH"
"BTF3L4",17.2062894442725,"BTF3L4"
"PHF21A",13.9544223203084,"PHF21A"
"BLOC1S1",28.2528804701594,"BLOC1S1"
"AHI1",18.6287482975228,"AHI1"
"REPS1",10.1609533781786,"REPS1"
"DHX9",21.332826599584,"DHX9"
"MED4",20.3260890080134,"MED4"
"YME1L1",44.0006288489251,"YME1L1"
"ATP6V1G1",48.6299251244453,"ATP6V1G1"
"MRPL50",12.4938651295972,"MRPL50"
"SLTM",39.8373684113869,"SLTM"
"ACTR1A",10.7632802969705,"ACTR1A"
"PPA2",17.4252942205966,"PPA2"
"KANSL2",11.906538452293,"KANSL2"
"GTF2A2",21.5966065230384,"GTF2A2"
"NPEPPS",28.485235531157,"NPEPPS"
"SOD1",48.4635292119333,"SOD1"
"TMCO1",26.8582704724187,"TMCO1"
"COP1",10.6475818845993,"COP1"
"PFDN2",24.9729690147307,"PFDN2"
"JTB",41.4584282564916,"JTB"
"RAB5A",19.4443821996554,"RAB5A"
"EAF1",13.4179215409348,"EAF1"
"ATG3",24.1505646637107,"ATG3"
"RPL37",79.845305467191,"RPL37"
"RARS2",15.0117540502883,"RARS2"
"MDH2",28.4463394712759,"MDH2"
"LUC7L2",19.7959128179871,"LUC7L2"
"FOXO1",19.5354801824478,"FOXO1"
"RILPL2",16.8016195578859,"RILPL2"
"PAN3",29.901268147387,"PAN3"
"AHCTF1",12.8348571988986,"AHCTF1"
"MSI2",16.2392875613017,"MSI2"
"OXA1L",24.8812831937044,"OXA1L"
"EIF5B",36.0722303953287,"EIF5B"
"NDUFS2",23.8207959842893,"NDUFS2"
"AMFR",15.613057883789,"AMFR"
"GPBP1L1",19.5849663977093,"GPBP1L1"
"UBE2J2",10.6771016333586,"UBE2J2"
"CMPK1",27.5647613591586,"CMPK1"
"IWS1",15.6802756356325,"IWS1"
"HIPK1",25.9225087363891,"HIPK1"
"ARPC2",65.9676535458011,"ARPC2"
"U2SURP",34.0568825861755,"U2SURP"
"RYK",9.99033324481512,"RYK"
"BRI3",25.4284426478883,"BRI3"
"VCP",33.2060596904552,"VCP"
"TSC1",10.7584737863545,"TSC1"
"DDX21",39.2395840993473,"DDX21"
"PSMC3",19.0915835175016,"PSMC3"
"TAF1D",40.877098777796,"TAF1D"
"API5",13.5132052500618,"API5"
"CIAO2B",28.9810185441701,"CIAO2B"
"YWHAB",60.4740609988851,"YWHAB"
"KMT2D",15.904444714252,"KMT2D"
"POLR2G",24.1408267764187,"POLR2G"
"COPS6",22.9407809065946,"COPS6"
"IRF2",17.1388676149938,"IRF2"
"CDC40",13.0160360522069,"CDC40"
"SLC20A2",7.65890750560636,"SLC20A2"
"STAT3",29.3485735999101,"STAT3"
"HNRNPH1",73.2246682410856,"HNRNPH1"
"SIN3A",15.4727626723627,"SIN3A"
"MAP3K2",22.7772720850913,"MAP3K2"
"PDCD6IP",23.300178618254,"PDCD6IP"
"RALGAPB",10.0963895216059,"RALGAPB"
"LSM3",22.3424671644059,"LSM3"
"RPS9",72.7984439376811,"RPS9"
"ATF7IP",31.8112377651758,"ATF7IP"
"EXOSC10",18.5596114422263,"EXOSC10"
"JMJD1C",41.4629270609093,"JMJD1C"
"EIF1",80.0351744200279,"EIF1"
"DHX36",30.6820596318494,"DHX36"
"DDIT3",25.2388880877633,"DDIT3"
"POLR2L",44.9833496452123,"POLR2L"
"IMPDH2",20.0457313933869,"IMPDH2"
"METTL23",14.1736331550624,"METTL23"
"POLR2A",22.1322553330533,"POLR2A"
"COA4",14.6063419205785,"COA4"
"MRPL41",22.4768854584082,"MRPL41"
"NPLOC4",13.3864584637726,"NPLOC4"
"PTTG1IP",24.7016414851609,"PTTG1IP"
"PPP1CC",19.3562666217508,"PPP1CC"
"KRT10",16.321975989578,"KRT10"
"HMGB1",73.9906356392803,"HMGB1"
"MPHOSPH8",43.3581110167633,"MPHOSPH8"
"LCOR",18.9562381552675,"LCOR"
"PPIA",70.2233904850302,"PPIA"
"AMZ2",15.9052946860855,"AMZ2"
"WDR45",16.0193164535277,"WDR45"
"SVIL",13.955582980898,"SVIL"
"PELI1",28.1193919542483,"PELI1"
"NOL7",27.8515329928897,"NOL7"
"RPL41",80.1313911042866,"RPL41"
"TMA7",71.6545906960871,"TMA7"
"NBPF11",10.782403968237,"NBPF11"
"MSL3",18.7083722426289,"MSL3"
"PSMB1",45.4690134362672,"PSMB1"
"SEC62",53.8071026967648,"SEC62"
"RANBP9",13.8490877192658,"RANBP9"
"ELOVL5",29.7706020122196,"ELOVL5"
"YAF2",12.6825937757333,"YAF2"
"CCDC28A",13.7921439504738,"CCDC28A"
"RFC1",18.0097536517709,"RFC1"
"CUL1",14.3205701794532,"CUL1"
"KMT2C",33.9357958112839,"KMT2C"
"PUM2",20.2711073330203,"PUM2"
"ATG5",12.3025662895112,"ATG5"
"WNK1",39.7951118960124,"WNK1"
"VMP1",42.3803918428232,"VMP1"
"CYB5R4",10.1009653353761,"CYB5R4"
"MTHFD2",17.8779577597415,"MTHFD2"
"ARFGEF1",19.6456246520561,"ARFGEF1"
"PKM",43.3448542305413,"PKM"
"IARS2",10.4498168410094,"IARS2"
"ROCK1",16.6524626423539,"ROCK1"
"EXOC5",8.95575251173764,"EXOC5"
"JMJD6",18.0994223901538,"JMJD6"
"PABPC1",79.4019738991978,"PABPC1"
"TFRC",17.7845338002455,"TFRC"
"ACADVL",16.7789876265763,"ACADVL"
"KDM5A",34.2652476150956,"KDM5A"
"SLC25A3",45.4208168683732,"SLC25A3"
"RAB7A",43.4590293647118,"RAB7A"
"TM9SF3",24.3337981294026,"TM9SF3"
"RPS5",63.2599141082859,"RPS5"
"WBP11",27.5604464532964,"WBP11"
"GANAB",17.4571990625044,"GANAB"
"CDC5L",16.5603159558757,"CDC5L"
"SNRPD3",25.2087707081215,"SNRPD3"
"TOMM22",17.4000207507362,"TOMM22"
"RTCB",14.2149919882614,"RTCB"
"MYH9",42.5609586849978,"MYH9"
"PSMC6",24.97906930753,"PSMC6"
"SAMHD1",29.9222626503195,"SAMHD1"
"RNMT",20.5309025559134,"RNMT"
"XIAP",17.3672787931888,"XIAP"
"STAG2",30.270807847754,"STAG2"
"GLA",15.4783728864252,"GLA"
"INTS10",14.6870068639599,"INTS10"
"PDCD5",23.0890228946926,"PDCD5"
"BUD31",23.4947372124573,"BUD31"
"TLE4",25.6056137054454,"TLE4"
"GBF1",11.5205078246854,"GBF1"
"GOSR1",12.9271109225969,"GOSR1"
"WSB1",47.5486867776727,"WSB1"
"UBE2D3",63.5206406848774,"UBE2D3"
"EHD1",16.5676844884693,"EHD1"
"RPS13",76.9260345100257,"RPS13"
"NUP98",24.9506595598434,"NUP98"
"FGFR1OP2",24.8599953176465,"FGFR1OP2"
"NKTR",50.3700282408107,"NKTR"
"KANSL3",10.6103634744321,"KANSL3"
"NCL",56.245880762458,"NCL"
"RPL22",56.5567098547633,"RPL22"
"MTR",15.2037040758867,"MTR"
"PRRC2C",59.841346906806,"PRRC2C"
"RPA2",20.6012345769336,"RPA2"
"CREB1",19.6810527771939,"CREB1"
"PSPC1",12.8385239634654,"PSPC1"
"KHDRBS1",28.5241177563876,"KHDRBS1"
"ZC3H13",28.955114832383,"ZC3H13"
"DDX27",33.863168592117,"DDX27"
"MPHOSPH10",13.2240318203994,"MPHOSPH10"
"ATXN1",22.0814937203892,"ATXN1"
"FAM193A",7.45500586087017,"FAM193A"
"MAX",24.2334160813769,"MAX"
"UXT",31.3353183454517,"UXT"
"HNRNPH2",22.7646573114552,"HNRNPH2"
"EPS15L1",9.38334206636332,"EPS15L1"
"SPCS3",28.4906656049009,"SPCS3"
"SNX6",26.1562841924983,"SNX6"
"ZC3H4",16.4749831759531,"ZC3H4"
"ACTR10",16.6873433509662,"ACTR10"
"MPRIP",14.9282521367929,"MPRIP"
"SRRM1",54.2826756263371,"SRRM1"
"CCDC59",20.2294766008341,"CCDC59"
"COX16",23.6054500863643,"COX16"
"TMEM165",27.2068874482231,"TMEM165"
"UBQLN1",17.8833566745299,"UBQLN1"
"PNPLA8",22.2250379440424,"PNPLA8"
"CAPRIN1",17.8492654194176,"CAPRIN1"
"USP15",39.5514117400307,"USP15"
"KDELR2",25.6325820389477,"KDELR2"
"MARCHF7",21.1648102207436,"MARCHF7"
"NCBP1",13.0071221726533,"NCBP1"
"ANP32B",35.498032947402,"ANP32B"
"PPM1B",16.92377082304,"PPM1B"
"COX17",29.9921228807577,"COX17"
"SMARCC2",23.4500421690454,"SMARCC2"
"NCOR1",49.1551729641123,"NCOR1"
"CLTC",26.7233747611616,"CLTC"
"BRD4",29.9675010862704,"BRD4"
"PSMB6",32.9474063871351,"PSMB6"
"SNRPG",44.5760021983348,"SNRPG"
"SLC20A1",23.3509123810442,"SLC20A1"
"ZC3H8",11.3734166597366,"ZC3H8"
"RPL7L1",23.4052076703398,"RPL7L1"
"CCT6A",27.7760197257439,"CCT6A"
"TERF1",13.5403763937998,"TERF1"
"SAP18",50.0614134938831,"SAP18"
"SMARCA5",24.7500356602848,"SMARCA5"
"TRIP12",23.8145762515825,"TRIP12"
"CHD1",46.2259916695301,"CHD1"
"BUB3",30.4757969212022,"BUB3"
"TTN",19.3509178509296,"TTN"
"SON",74.3040784613546,"SON"
"PMF1",18.7067101712925,"PMF1"
"SAP30BP",21.3529739452524,"SAP30BP"
"RPL26",76.0224346818765,"RPL26"
"RPRD2",11.4082193410884,"RPRD2"
"ATP1A1",36.2488851210966,"ATP1A1"
"NIPBL",38.7479609072818,"NIPBL"
"RICTOR",30.0211594878119,"RICTOR"
"RPS14",84.7872503495955,"RPS14"
"HNRNPK",57.7847148663485,"HNRNPK"
"NDUFB6",25.6185720378164,"NDUFB6"
"NOLC1",16.2686851885926,"NOLC1"
"CDK2AP2",26.8371524546561,"CDK2AP2"
"FNTA",18.5486239172411,"FNTA"
"USP39",12.223846030587,"USP39"
"MAT2A",26.4998269592081,"MAT2A"
"UQCRFS1",26.7483741621916,"UQCRFS1"
"LUZP1",13.9324712500836,"LUZP1"
"UGP2",26.5211889793189,"UGP2"
"EXOSC1",10.8767313857328,"EXOSC1"
"RPS21",75.631659805743,"RPS21"
"MRPL13",12.6992409826024,"MRPL13"
"MRPL57",25.6708142704373,"MRPL57"
"STAT5B",14.9363101467092,"STAT5B"
"CNP",7.90842936888185,"CNP"
"PACS1",12.9262324295712,"PACS1"
"KCMF1",10.8651664125476,"KCMF1"
"ARIH2",29.3041326662543,"ARIH2"
"ZBTB7A",17.2240398921388,"ZBTB7A"
"EIF3K",42.1027142222238,"EIF3K"
"SNRPE",26.864107684044,"SNRPE"
"MRPS16",14.0869184234048,"MRPS16"
"RPS17",68.8618852472028,"RPS17"
"RPL35A",76.7923638978261,"RPL35A"
"SRPRA",25.5101009745166,"SRPRA"
"EIF3C",16.7206728069832,"EIF3C"
"P4HB",34.2215344176151,"P4HB"
"POLR1D",25.7164701837701,"POLR1D"
"RPS23",78.8500558148383,"RPS23"
"RNF220",12.7807970639067,"RNF220"
"PTPN1",28.9233392204923,"PTPN1"
"STRN3",20.3802189355977,"STRN3"
"FLNA",13.3970944578538,"FLNA"
"C1D",11.2734826220595,"C1D"
"HTT",11.5702158400209,"HTT"
"NOL8",13.9040526269327,"NOL8"
"UBL5",53.555484753457,"UBL5"
"OSTC",27.2017271638225,"OSTC"
"APRT",33.6726652793993,"APRT"
"MBD5",10.8475700228448,"MBD5"
"PPP1CB",61.303172930667,"PPP1CB"
"DDX3X",56.836833951051,"DDX3X"
"RNASEK",32.2370220258169,"RNASEK"
"ARPC4",44.2297716874841,"ARPC4"
"MRPL20",24.192817690381,"MRPL20"
"NCOA4",9.44486355828402,"NCOA4"
"PSMB3",39.2637469186664,"PSMB3"
"ANKIB1",11.6941429808543,"ANKIB1"
"UPF1",9.02172643228063,"UPF1"
"PAF1",13.481618048972,"PAF1"
"PAFAH1B1",23.348334620479,"PAFAH1B1"
"SPAG9",26.0049406501808,"SPAG9"
"UQCRC1",25.0930121395622,"UQCRC1"
"PHF20",33.8548405036175,"PHF20"
"SEC63",21.9019854938931,"SEC63"
"UBA6",21.22150307557,"UBA6"
"CUL3",24.3468860554403,"CUL3"
"SZRD1",14.7397595517111,"SZRD1"
"TAB2",15.8231047318692,"TAB2"
"EIF2AK2",13.3221961996999,"EIF2AK2"
"CCAR1",28.5670717507182,"CCAR1"
"WAPL",19.9062574048037,"WAPL"
"TAF2",9.05495888562466,"TAF2"
"IDI1",31.8488906046746,"IDI1"
"ELP1",11.7796181908842,"ELP1"
"CFAP20",12.2421389189709,"CFAP20"
"HSD17B10",17.708933015528,"HSD17B10"
"KIFAP3",7.92851390861691,"KIFAP3"
"REXO2",17.4020556557332,"REXO2"
"PIK3C3",9.96326145884568,"PIK3C3"
"MLLT10",12.9372748558318,"MLLT10"
"NRDC",26.7538219343938,"NRDC"
"CCNT2",11.7364337163517,"CCNT2"
"XPO1",21.6948872886871,"XPO1"
"KAT6A",21.0840560784177,"KAT6A"
"PPIE",14.784088172755,"PPIE"
"NCOA1",15.0531391360885,"NCOA1"
"DIMT1",16.0610892772695,"DIMT1"
"ERP29",26.2851815669419,"ERP29"
"PPP2R3C",15.9706555712345,"PPP2R3C"
"SNAP23",27.4003716777241,"SNAP23"
"LRRFIP2",18.0611653960735,"LRRFIP2"
"RAB18",22.4975703689636,"RAB18"
"CRKL",11.8138071331555,"CRKL"
"DDX17",65.0804538768713,"DDX17"
"TXN2",16.51192643922,"TXN2"
"SOS2",13.8758895994615,"SOS2"
"DICER1",19.1094840748259,"DICER1"
"TRPC4AP",15.625486135634,"TRPC4AP"
"USP10",22.6218479261342,"USP10"
"EIF3E",45.3907309664478,"EIF3E"
"SNRNP70",18.1130617411811,"SNRNP70"
"CLPTM1",14.1006782684701,"CLPTM1"
"PIH1D1",14.2487886870711,"PIH1D1"
"TMEM147",22.3731051604668,"TMEM147"
"RPA3",15.5274818260149,"RPA3"
"CASC3",14.4377900629388,"CASC3"
"MED13",25.2338436459804,"MED13"
"YWHAE",25.4798936846193,"YWHAE"
"DDX6",33.6313893982883,"DDX6"
"METAP2",25.0668947171494,"METAP2"
"COPZ1",22.7098391879088,"COPZ1"
"MRPL18",20.8286539729043,"MRPL18"
"MED23",9.45270283657584,"MED23"
"COX7A2",47.5780626887872,"COX7A2"
"HMGCS1",14.7282285074954,"HMGCS1"
"SUB1",54.0288350396694,"SUB1"
"TIMMDC1",13.7277011685909,"TIMMDC1"
"KPNA1",15.0473741295279,"KPNA1"
"RNF7",21.7439635050051,"RNF7"
"BBX",29.5094148001512,"BBX"
"MRPL3",15.328259576884,"MRPL3"
"USP34",28.8980084189848,"USP34"
"CNPPD1",12.1059717180945,"CNPPD1"
"SRSF7",58.4962197229,"SRSF7"
"CAPZA1",58.732929406616,"CAPZA1"
"IVNS1ABP",29.9712245741855,"IVNS1ABP"
"RBBP5",13.1034263821259,"RBBP5"
"PRPF3",15.0395706532377,"PRPF3"
"RPN2",39.6398717002815,"RPN2"
"TBC1D15",20.665851645868,"TBC1D15"
"NDUFA1",46.5172637434024,"NDUFA1"
"SNRPD2",53.7138889661231,"SNRPD2"
"AGO3",19.7240464305704,"AGO3"
"PCID2",10.2461268644702,"PCID2"
"RBM48",8.37371860622673,"RBM48"
"ATF4",43.2051142401413,"ATF4"
"EMC4",27.9163064850686,"EMC4"
"ATP6V1F",35.7093638821581,"ATP6V1F"
"NEDD8",35.0923294316964,"NEDD8"
"CLIP1",21.6113902737573,"CLIP1"
"ACLY",11.9589841154737,"ACLY"
"RAF1",21.9772190012967,"RAF1"
"KDM6B",35.9032087844877,"KDM6B"
"KIDINS220",15.9656564708172,"KIDINS220"
"ROCK2",13.2897918048065,"ROCK2"
"IL6ST",33.8506805792835,"IL6ST"
"ISCA1",14.2567075987782,"ISCA1"
"SRPK2",21.9109935874307,"SRPK2"
"NMT1",21.5405635629779,"NMT1"
"DERL1",16.9750420676228,"DERL1"
"UBAP2",10.0799274313597,"UBAP2"
"ATRAID",32.4784315375896,"ATRAID"
"CUL4A",17.5695747297286,"CUL4A"
"DCAF5",14.7457704912325,"DCAF5"
"TP53",12.057286643992,"TP53"
"SMAD4",12.1119989863249,"SMAD4"
"TXNL4A",18.2268250883857,"TXNL4A"
"NOSIP",24.3375464076025,"NOSIP"
"SERBP1",43.6859750503679,"SERBP1"
"BCL10",20.6351383592153,"BCL10"
"UFC1",26.8272467694829,"UFC1"
"SNX27",15.0733854718664,"SNX27"
"UBR3",9.41740495225751,"UBR3"
"RPL32",82.9664916155393,"RPL32"
"UBA3",24.0204860393385,"UBA3"
"METTL14",11.1009854300904,"METTL14"
"TNIP1",20.7136721530213,"TNIP1"
"WTAP",51.143441903499,"WTAP"
"GIGYF1",21.9038336091898,"GIGYF1"
"OGT",41.9960096825336,"OGT"
"RSU1",20.6700589558217,"RSU1"
"ADD3",30.0859683541947,"ADD3"
"ATM",36.0605340760799,"ATM"
"LAMTOR1",25.8958912031551,"LAMTOR1"
"CWC15",23.9280058736546,"CWC15"
"SRP19",20.2212127602157,"SRP19"
"GTF3C6",20.7679365122384,"GTF3C6"
"NIFK",13.7239780985818,"NIFK"
"SMG1",27.2689485792666,"SMG1"
"APPL1",18.4646166730755,"APPL1"
"PAXBP1",12.2972344162794,"PAXBP1"
"FDPS",15.9588718172319,"FDPS"
"VPS28",24.2214757058537,"VPS28"
"MYSM1",12.6799450344528,"MYSM1"
"ZNF326",11.4852664029679,"ZNF326"
"CAPN2",37.1045889327712,"CAPN2"
"SSR2",39.5397883637432,"SSR2"
"PPM1K",20.0090269514979,"PPM1K"
"RPN1",39.9681012559306,"RPN1"
"GNL3",28.3930558535094,"GNL3"
"DNAJB14",19.1614039164869,"DNAJB14"
"PSIP1",28.9458865376402,"PSIP1"
"CCDC186",20.1360996013104,"CCDC186"
"NDUFB8",41.6787283413625,"NDUFB8"
"TAF10",15.686583483844,"TAF10"
"TPP1",31.9194145174443,"TPP1"
"OTUB1",28.0134517184744,"OTUB1"
"PAFAH1B2",31.8661223108267,"PAFAH1B2"
"ZRSR2",16.2197535828272,"ZRSR2"
"PWWP2A",8.99678339234582,"PWWP2A"
"KBTBD2",22.8137131801288,"KBTBD2"
"SCAND1",30.1391521492146,"SCAND1"
"PAIP1",13.3591328100853,"PAIP1"
"ZNF131",19.9877187977486,"ZNF131"
"BSG",33.3122528237732,"BSG"
"NAA20",18.3742292850763,"NAA20"
"CHD2",48.4587083627144,"CHD2"
"UQCRH",34.3266292028253,"UQCRH"
"RBM4",25.1997797879665,"RBM4"
"PRPF8",18.1040853089676,"PRPF8"
"ZBTB8OS",16.0249467547622,"ZBTB8OS"
"CALR",55.0059983485993,"CALR"
"TRAPPC5",14.1105881678384,"TRAPPC5"
"EWSR1",41.973696418512,"EWSR1"
"NDUFB1",37.6438096875086,"NDUFB1"
"UQCR10",39.4092440450552,"UQCR10"
"GPATCH8",22.7733830382778,"GPATCH8"
"TCEA1",29.7902328656771,"TCEA1"
"TRRAP",11.1817272684355,"TRRAP"
"SND1",23.2171344321068,"SND1"
"SDAD1",14.4161411463975,"SDAD1"
"MDM4",46.9759270281924,"MDM4"
"FOXJ3",13.2581513759061,"FOXJ3"
"BRD2",33.5669117845925,"BRD2"
"TMX2",11.8397862856261,"TMX2"
"NDUFS3",12.9047078222783,"NDUFS3"
"RPS29",78.5846627043371,"RPS29"
"PSMB9",30.86162734664,"PSMB9"
"DDOST",28.9360547529948,"DDOST"
"CUX1",19.1809422739723,"CUX1"
"NDUFAB1",23.820194222983,"NDUFAB1"
"KMT2E",57.8103088794032,"KMT2E"
"AP2B1",24.138676413183,"AP2B1"
"CDK11A",19.6146075053596,"CDK11A"
"RPS20",78.1056328952226,"RPS20"
"BAZ1B",17.8906957098599,"BAZ1B"
"TTC19",21.3589025943653,"TTC19"
"PSMC4",15.9378024644246,"PSMC4"
"CLK1",57.1434493719621,"CLK1"
"ARID1B",29.8381289210761,"ARID1B"
"GINM1",14.0649358221185,"GINM1"
"ZFR",28.2223027800184,"ZFR"
"CS",27.2060150037337,"CS"
"SLK",19.2210284763572,"SLK"
"DHX8",10.8401804505448,"DHX8"
"RORA",16.2530370465331,"RORA"
"FBXW11",13.1405764424908,"FBXW11"
"SDHA",16.966456204815,"SDHA"
"NCBP3",13.0973515341895,"NCBP3"
"PCM1",41.7986597312802,"PCM1"
"SAR1A",50.0867294552971,"SAR1A"
"B4GALT1",44.8039941858589,"B4GALT1"
"TMED2",37.964424878405,"TMED2"
"ADD1",25.7535912622297,"ADD1"
"XRN2",23.9634195413126,"XRN2"
"DLD",13.2416147321018,"DLD"
"SUCO",12.7644448823986,"SUCO"
"FKBP5",48.6840272655124,"FKBP5"
"HNRNPH3",28.0834366838233,"HNRNPH3"
"PSMD8",27.4583165458649,"PSMD8"
"ASCC2",14.1871531537776,"ASCC2"
"TNRC6B",52.7795316841744,"TNRC6B"
"SNW1",24.7889542980896,"SNW1"
"PPM1A",16.7080659671757,"PPM1A"
"YY1",26.4273561892332,"YY1"
"CHD8",14.8090979590192,"CHD8"
"PRPF6",16.2973184678735,"PRPF6"
"PSMA7",50.3673279997838,"PSMA7"
"DIDO1",10.5768761943953,"DIDO1"
"USP14",14.3150317761517,"USP14"
"RBBP7",23.6713456014305,"RBBP7"
"SUPT20H",12.6549011418231,"SUPT20H"
"KPNA3",10.9384192088465,"KPNA3"
"RAB2A",31.5486159616636,"RAB2A"
"RPS16",76.5379596176492,"RPS16"
"GPI",28.2026200295901,"GPI"
"PDAP1",17.9404191841331,"PDAP1"
"LSM5",16.956815136114,"LSM5"
"TMEM106B",9.77645921214362,"TMEM106B"
"KDM4C",12.9686260229749,"KDM4C"
"TFAM",14.1602523687644,"TFAM"
"CBL",12.2847053343115,"CBL"
"CHD4",23.4794351708116,"CHD4"
"GNAI2",40.5615139285095,"GNAI2"
"ASH1L",28.2231783175854,"ASH1L"
"GON4L",23.0028773782244,"GON4L"
"SMG7",13.0485548112046,"SMG7"
"UCHL5",12.8929906437842,"UCHL5"
"MRPS15",12.2181628053611,"MRPS15"
"TSNAX",19.3442515257042,"TSNAX"
"RAB14",21.4905616232303,"RAB14"
"FBXW2",11.3734699925015,"FBXW2"
"SERP1",46.2139988330411,"SERP1"
"SPOP",20.476691129745,"SPOP"
"DDX39A",24.8623405814309,"DDX39A"
"BAZ2B",28.6906552461038,"BAZ2B"
"USP9X",31.1347334714032,"USP9X"
"RBCK1",11.033602402247,"RBCK1"
"PSMB2",21.1980466596454,"PSMB2"
"UBR4",25.0513654414015,"UBR4"
"MBD4",15.0189791744171,"MBD4"
"GNL3L",11.6749483926205,"GNL3L"
"DIAPH1",24.7989078254015,"DIAPH1"
"NDFIP1",33.1698810403793,"NDFIP1"
"EXOC4",10.9287938763173,"EXOC4"
"PRKAA1",13.8416734695108,"PRKAA1"
"UBE2G1",20.2975547800945,"UBE2G1"
"ANKRD17",20.7057279886422,"ANKRD17"
"MBD2",16.2027641956524,"MBD2"
"IER3IP1",18.5772501249064,"IER3IP1"
"LAMTOR5",31.523062366072,"LAMTOR5"
"NAPG",11.1370023707094,"NAPG"
"TIMM17A",18.2625150971198,"TIMM17A"
"ELP2",21.8071906436658,"ELP2"
"TPP2",27.8910259496945,"TPP2"
"TAOK3",28.8927962299545,"TAOK3"
"REV1",11.1005076872219,"REV1"
"VPS36",15.7401114198165,"VPS36"
"RNASEH2B",16.5883056449561,"RNASEH2B"
"DBNL",24.1226208748337,"DBNL"
"NDUFB5",18.7349587286761,"NDUFB5"
"DCTN3",15.2849734780156,"DCTN3"
"MTCH1",25.9165725840873,"MTCH1"
"RABGGTB",14.1870134048531,"RABGGTB"
"SSB",37.468646304451,"SSB"
"AEBP2",15.8944385999977,"AEBP2"
"USP3",29.6510409897084,"USP3"
"NDUFB10",28.6903022667482,"NDUFB10"
"RERE",17.8794578829372,"RERE"
"ANP32E",30.498496065486,"ANP32E"
"ENSA",28.0204885420743,"ENSA"
"DDX46",29.7182558123591,"DDX46"
"HIGD2A",30.030636767107,"HIGD2A"
"SH3KBP1",32.0699942469654,"SH3KBP1"
"RBMX",47.4566891489102,"RBMX"
"PLPP5",17.8486619462063,"PLPP5"
"COMMD3",18.1481336824845,"COMMD3"
"MTG1",13.0219072072501,"MTG1"
"EI24",14.1312307859212,"EI24"
"MIA2",12.8940403670886,"MIA2"
"NBAS",9.32988850757202,"NBAS"
"EPG5",8.64451039049727,"EPG5"
"TGOLN2",33.8845061773795,"TGOLN2"
"CFDP1",14.9559984615333,"CFDP1"
"CCDC174",13.0983614680975,"CCDC174"
"AZIN1",23.7805472107955,"AZIN1"
"EYA3",12.8260162145763,"EYA3"
"WASF2",36.876071128639,"WASF2"
"PCSK7",21.5555938011282,"PCSK7"
"SYVN1",31.7330878740442,"SYVN1"
"FUBP1",34.5054965430128,"FUBP1"
"SCNM1",14.9810840060403,"SCNM1"
"STT3B",24.5310436429974,"STT3B"
"CLASP2",15.7681942918128,"CLASP2"
"LRPAP1",24.1569954782533,"LRPAP1"
"CFAP97",13.5690923115245,"CFAP97"
"CAMLG",17.5805912517404,"CAMLG"
"SDHAF2",13.4191016034327,"SDHAF2"
"DDB1",19.5023824982872,"DDB1"
"LMAN2",31.1690057238255,"LMAN2"
"TOR1AIP2",28.9105362520743,"TOR1AIP2"
"TRMT112",45.0600906506685,"TRMT112"
"AKIRIN1",22.4517210915595,"AKIRIN1"
"SRP72",26.5823343806427,"SRP72"
"CTDSP2",21.2196403048338,"CTDSP2"
"AURKAIP1",20.9396774652102,"AURKAIP1"
"RHOG",26.3780524956969,"RHOG"
"RPS6KA3",22.2279358787476,"RPS6KA3"
"JUN",38.6783138283673,"JUN"
"PNPLA2",19.9108345841358,"PNPLA2"
"NDUFV2",30.5398249274608,"NDUFV2"
"ZFAND2A",13.7550161594105,"ZFAND2A"
"GAK",14.1649859756768,"GAK"
"TUFM",27.0811856802927,"TUFM"
"PTPN11",13.7819317653048,"PTPN11"
"CLK3",19.3729846837214,"CLK3"
"PCGF5",15.0143749180229,"PCGF5"
"COPG1",12.1771408234696,"COPG1"
"NGRN",11.4561601052958,"NGRN"
"NAA38",26.1734556016359,"NAA38"
"SF3A3",16.581661767796,"SF3A3"
"COMMD6",49.1905643494284,"COMMD6"
"RPL14",69.7641675317407,"RPL14"
"ARID2",19.0964693059649,"ARID2"
"TSPYL1",40.7047622461082,"TSPYL1"
"EVL",25.0349183786557,"EVL"
"PRPF40A",37.9750891648587,"PRPF40A"
"NACA",68.86349534722,"NACA"
"TRAPPC4",12.217536967197,"TRAPPC4"
"PRR13",47.421248139094,"PRR13"
"DNAJC19",17.7512063408046,"DNAJC19"
"TSN",11.4550421763626,"TSN"
"MCTS1",13.6690717389294,"MCTS1"
"EIF6",21.9140643235306,"EIF6"
"GAN",8.7778008129463,"GAN"
"CDC27",15.3431263026818,"CDC27"
"POLR2J",21.812364485371,"POLR2J"
"CSDE1",45.8739645399299,"CSDE1"
"MDH1",27.1094776871645,"MDH1"
"RNF19A",38.1371927036388,"RNF19A"
"ATP6V1H",9.14722435010343,"ATP6V1H"
"RSF1",30.921378475367,"RSF1"
"VPS13D",12.7899227325315,"VPS13D"
"FAM120A",22.2156589950494,"FAM120A"
"MRPL43",12.3154743403939,"MRPL43"
"SFSWAP",15.6694391848889,"SFSWAP"
"RNF4",18.7586691823322,"RNF4"
"DGKA",18.4753242500715,"DGKA"
"SPEN",20.5953136994459,"SPEN"
"ZC3H15",28.7943710067901,"ZC3H15"
"ELOVL1",16.2400785911506,"ELOVL1"
"IDH3G",16.0862153192108,"IDH3G"
"KIF2A",15.1259079486628,"KIF2A"
"ATP2B1",33.8779332307456,"ATP2B1"
"CLNS1A",19.2461043564619,"CLNS1A"
"EED",7.95121976299374,"EED"
"ZZEF1",11.7323242662042,"ZZEF1"
"FRYL",22.5858632959566,"FRYL"
"TMEM131",13.2196935041592,"TMEM131"
"DLG1",12.3868685502265,"DLG1"
"CAPZB",43.1748803724603,"CAPZB"
"PCNP",36.2198868938517,"PCNP"
"MRPL22",13.1482292857487,"MRPL22"
"REST",22.7311801005615,"REST"
"HADHA",27.7865514007976,"HADHA"
"HUWE1",31.1748977727879,"HUWE1"
"SF3B2",35.1782321956629,"SF3B2"
"FUS",41.0657069645549,"FUS"
"IGBP1",15.133935119167,"IGBP1"
"SCFD1",22.7730768295204,"SCFD1"
"DPYSL2",22.1057978581758,"DPYSL2"
"NDUFB7",28.9420201926857,"NDUFB7"
"MAPK1",20.0932919213558,"MAPK1"
"EP300",22.3678658982236,"EP300"
"HIF1A",23.6590021612875,"HIF1A"
"EIF5",59.1480017485658,"EIF5"
"SRP54",24.1539176614998,"SRP54"
"HM13",29.3066902591578,"HM13"
"PGK1",47.2509333640743,"PGK1"
"FNDC3A",19.5602571889671,"FNDC3A"
"NUTF2",16.1214122526956,"NUTF2"
"PSMD7",25.9203047627935,"PSMD7"
"UBE2W",16.18995662817,"UBE2W"
"DNAJB6",42.5097782365578,"DNAJB6"
"TAX1BP1",44.9655630542844,"TAX1BP1"
"MRPL32",15.8091662240584,"MRPL32"
"CCSER2",19.661621587729,"CCSER2"
"SLAIN2",12.7782962032762,"SLAIN2"
"UFSP2",9.61036050043876,"UFSP2"
"FBXO3",8.97928328121495,"FBXO3"
"NDUFS8",21.6913620276801,"NDUFS8"
"NAA25",10.2488105525489,"NAA25"
"CAND1",14.8325146150664,"CAND1"
"KRR1",24.5024429282238,"KRR1"
"TPI1",51.9337031328702,"TPI1"
"CCNC",15.805331231033,"CCNC"
"HSPA9",38.0037369314962,"HSPA9"
"BRIX1",12.4861079891063,"BRIX1"
"CSNK1A1",36.6929822267714,"CSNK1A1"
"ATP6V0E1",46.9738602608383,"ATP6V0E1"
"PRKAR2A",15.8877404387727,"PRKAR2A"
"FXR1",22.4864674433246,"FXR1"
"PSMD14",15.0479032221193,"PSMD14"
"SF3B1",53.1947832650216,"SF3B1"
"HSPE1",52.1757006152292,"HSPE1"
"SUMO1",31.5593936393968,"SUMO1"
"GNPAT",12.2814900736835,"GNPAT"
"NSUN4",14.8890459334081,"NSUN4"
"DR1",23.6054288088154,"DR1"
"SENP5",21.4042200182293,"SENP5"
"PTBP3",23.4986434133021,"PTBP3"
"EXOSC8",17.7135454635924,"EXOSC8"
"ZMYM2",20.171268767234,"ZMYM2"
"GTF3A",34.9380967188942,"GTF3A"
"HERPUD2",21.5656176931832,"HERPUD2"
"AMD1",34.8138281610979,"AMD1"
"PIGT",19.0473189243254,"PIGT"
"NUP153",13.5769166563587,"NUP153"
"COX6B1",48.760329439956,"COX6B1"
"PRMT1",20.4646078204053,"PRMT1"
"COX7C",63.4976994732211,"COX7C"
"RAP1B",44.8661107051942,"RAP1B"
"SAFB2",25.256288552672,"SAFB2"
"LSM4",20.6527059256893,"LSM4"
"JUND",59.4347988851148,"JUND"
"DNMT1",23.2408502030787,"DNMT1"
"LATS1",13.4166830482694,"LATS1"
"SNRPA1",24.9712284748585,"SNRPA1"
"RPA1",10.4696868809224,"RPA1"
"PTPRA",16.4939298210779,"PTPRA"
"DAP3",23.4424427809768,"DAP3"
"AP3B1",14.7910965983767,"AP3B1"
"MKRN1",20.0930919360349,"MKRN1"
"ZFC3H1",29.8957603961359,"ZFC3H1"
"NUMB",18.7494370408093,"NUMB"
"STT3A",27.5218160451197,"STT3A"
"FBXO21",11.7063038271327,"FBXO21"
"CAB39",14.956022036318,"CAB39"
"IREB2",14.4794814809725,"IREB2"
"KAT7",15.8580567295319,"KAT7"
"TANK",29.2554770672053,"TANK"
"DMAC1",14.9522161308507,"DMAC1"
"UQCC2",12.2292465725369,"UQCC2"
"RDX",20.9240195319356,"RDX"
"USP8",28.0651497951133,"USP8"
"G3BP2",26.5568704091844,"G3BP2"
"ZCRB1",17.6708250796556,"ZCRB1"
"TLE3",24.1631871433132,"TLE3"
"ANP32A",18.0695256380043,"ANP32A"
"ARHGAP17",18.8874622841499,"ARHGAP17"
"MBTPS1",17.4799320193564,"MBTPS1"
"RPS8",81.0334931005432,"RPS8"
"UBAP2L",19.0150194153264,"UBAP2L"
"ILF2",32.0619390791498,"ILF2"
"UTP23",9.33027824850565,"UTP23"
"UGCG",24.9349880666003,"UGCG"
"EIF3M",34.6686284999033,"EIF3M"
"MBNL1",58.4659796270155,"MBNL1"
"HNRNPDL",54.8247488687939,"HNRNPDL"
"CMIP",8.86734022847352,"CMIP"
"MIA3",18.6367246055584,"MIA3"
"DBI",39.0061025659132,"DBI"
"GBP2",15.6750965605684,"GBP2"
"CFAP36",10.5195148309111,"CFAP36"
"PDLIM5",18.092724044284,"PDLIM5"
"CWC22",12.114762248728,"CWC22"
"CCNL1",56.4545303374791,"CCNL1"
"RAD54L2",12.0823047526616,"RAD54L2"
"CREBRF",20.8107331088828,"CREBRF"
"MED30",14.2421422707632,"MED30"
"SPIDR",16.4842394287479,"SPIDR"
"NUDT5",14.3056546826027,"NUDT5"
"RPL27A",81.2808127796615,"RPL27A"
"TMEM41B",12.4751326289123,"TMEM41B"
"AP1G1",22.7511433663787,"AP1G1"
"SNRPD1",24.7875526824516,"SNRPD1"
"CTNNB1",35.1881255865058,"CTNNB1"
"IRF2BP2",29.8333625332144,"IRF2BP2"
"ATG4B",14.1370198592858,"ATG4B"
"MAP2K1",18.3688220830635,"MAP2K1"
"UPF3A",19.4286003609223,"UPF3A"
"MRPL1",14.0755311182893,"MRPL1"
"GUSB",14.8238549446415,"GUSB"
"TMED10",35.7475395964654,"TMED10"
"ARL6IP1",42.5401545569859,"ARL6IP1"
"RPS7",74.1668487364337,"RPS7"
"CYCS",24.0257741954195,"CYCS"
"MRPL52",20.9924153646953,"MRPL52"
"DCP2",15.9615588185376,"DCP2"
"RNASEH2C",19.4724872412233,"RNASEH2C"
"KDM2A",30.0093242805584,"KDM2A"
"COMMD1",16.3345208345977,"COMMD1"
"MGA",12.1568105220671,"MGA"
"ANKRD36C",35.9048720672142,"ANKRD36C"
"TMEM167A",16.9437565671654,"TMEM167A"
"PSMD2",22.4375053911818,"PSMD2"
"ARHGAP1",20.6502793964066,"ARHGAP1"
"BANF1",27.5202319386328,"BANF1"
"TMEM70",14.7070038184536,"TMEM70"
"USF3",9.35561498498166,"USF3"
"NFATC2IP",14.6562711170535,"NFATC2IP"
"NDUFAF3",23.1039761596397,"NDUFAF3"
"PDXDC1",14.165780151448,"PDXDC1"
"PITPNB",18.7224283547649,"PITPNB"
"KPNA2",17.5763408625009,"KPNA2"
"NDUFA6",28.1709221584491,"NDUFA6"
"RSBN1L",16.4011811304958,"RSBN1L"
"PTMA",84.2639606552889,"PTMA"
"TMEM120A",8.93927417916634,"TMEM120A"
"SUPT5H",23.7802527579644,"SUPT5H"
"ZBTB44",12.7198265834635,"ZBTB44"
"TRIM33",19.9096074002761,"TRIM33"
"ZNF655",22.0849135799193,"ZNF655"
"TAF13",12.0094759024585,"TAF13"
"MIER1",39.8965749996616,"MIER1"
"COPS8",18.9114814454578,"COPS8"
"SELENOT",34.9261454293653,"SELENOT"
"GDI1",18.8954411275454,"GDI1"
"GIGYF2",23.734889225926,"GIGYF2"
"NAP1L4",25.2807612169898,"NAP1L4"
"MRPL33",32.8641788666122,"MRPL33"
"CHMP1B",31.2650023127342,"CHMP1B"
"CNPY2",26.8410949759881,"CNPY2"
"PPP4R3B",19.3235948841749,"PPP4R3B"
"ZFX",21.8028841828146,"ZFX"
"RUFY3",17.3159614645801,"RUFY3"
"BCLAF1",45.7239161177729,"BCLAF1"
"PIAS1",32.4387455054037,"PIAS1"
"PPP1R12A",40.2992706090172,"PPP1R12A"
"SNRNP40",13.4959344140376,"SNRNP40"
"NDUFB4",36.8531223356427,"NDUFB4"
"DPP8",14.2849806725537,"DPP8"
"SRI",30.2097822487822,"SRI"
"MARK3",24.6441326077516,"MARK3"
"ARHGEF1",23.6562675598388,"ARHGEF1"
"USP33",18.7657010793833,"USP33"
"EIF3I",31.7196562987642,"EIF3I"
"CHMP5",16.1952259422932,"CHMP5"
"DYNLL1",42.9298844405796,"DYNLL1"
"RPLP0",73.2267036766178,"RPLP0"
"NECAP1",14.9523468095771,"NECAP1"
"USP48",20.9507109530065,"USP48"
"HECTD1",23.6720155154293,"HECTD1"
"HNRNPC",61.493086066301,"HNRNPC"
"CBX5",18.1410752968722,"CBX5"
"ARCN1",17.7966577253066,"ARCN1"
"HNRNPM",36.5687992156293,"HNRNPM"
"TIMM13",18.3427991527261,"TIMM13"
"RANBP1",23.6503800264376,"RANBP1"
"SF3A1",21.7373909677773,"SF3A1"
"POLR2F",22.2265565676429,"POLR2F"
"FKBP3",17.842908676802,"FKBP3"
"ATP6V1D",14.3605184867556,"ATP6V1D"
"SEC23A",12.0411110672723,"SEC23A"
"ZMYND8",15.8977525153667,"ZMYND8"
"ANKRD12",58.0618135471364,"ANKRD12"
"ALG13",23.8727879706698,"ALG13"
"PRPS2",15.5940406840008,"PRPS2"
"EIF3J",28.237890119036,"EIF3J"
"CDK6",12.6755158748243,"CDK6"
"CDC37L1",10.4388844512556,"CDC37L1"
"ZFAND5",46.1174109042334,"ZFAND5"
"GLRX3",13.5219399207826,"GLRX3"
"MRPL27",12.005411920902,"MRPL27"
"PRKAR1A",34.1391685682995,"PRKAR1A"
"ELF2",19.8629503403843,"ELF2"
"DHX15",21.5978948089521,"DHX15"
"CLINT1",29.8670447567481,"CLINT1"
"RTN4",34.4040712948258,"RTN4"
"CEBPZ",24.8176516820305,"CEBPZ"
"BCAS2",28.7703538592274,"BCAS2"
"STMN1",20.4529581617669,"STMN1"
"TARDBP",19.4393142414085,"TARDBP"
"SLC35B1",12.5532878940907,"SLC35B1"
"RPL21",80.9291273506116,"RPL21"
"WWP1",12.7100947710385,"WWP1"
"ARFGEF2",15.0211615777364,"ARFGEF2"
"SSR1",40.62070670945,"SSR1"
"CNOT1",21.9304145606582,"CNOT1"
"ERGIC3",26.8436560951521,"ERGIC3"
"MACF1",40.9864967529329,"MACF1"
"SNRPN",31.634704647248,"SNRPN"
"ILF3",33.6592932865288,"ILF3"
"IMMT",16.5541567814891,"IMMT"
"EIF5A",47.9309415041968,"EIF5A"
"TMED7",10.8326197402447,"TMED7"
"HNRNPA1",65.3961154830343,"HNRNPA1"
"PWP1",18.3868213474038,"PWP1"
"XPA",14.6310623972666,"XPA"
"RTF1",26.9314132919278,"RTF1"
"PARP6",11.0538450780469,"PARP6"
"RPLP1",84.8241419392146,"RPLP1"
"HADHB",27.6468574870715,"HADHB"
"RAB1A",37.2367739840096,"RAB1A"
"TDG",19.0457355767495,"TDG"
"TCF12",14.4372635001263,"TCF12"
"SERF2",77.6350116518849,"SERF2"
"LMO4",15.3318659594346,"LMO4"
"MCL1",47.1327094233117,"MCL1"
"PHIP",31.8703293863686,"PHIP"
"POLE3",18.324643702359,"POLE3"
"HERC4",17.023649027521,"HERC4"
"ARFGAP2",13.7242016096335,"ARFGAP2"
"NPAT",15.6972672802915,"NPAT"
"CPSF7",12.4474285750482,"CPSF7"
"FAU",77.103948988895,"FAU"
"ASAP1",17.8451634354064,"ASAP1"
"RABGEF1",12.2506034572787,"RABGEF1"
"BRAF",21.8199707829196,"BRAF"
"PPP1R15B",20.9560622249902,"PPP1R15B"
"ATP6V0D1",24.9686983794191,"ATP6V0D1"
"PRMT2",25.0258500650665,"PRMT2"
"IER2",40.8062144708044,"IER2"
"NXF1",28.025508975596,"NXF1"
"MAPKAPK2",12.5528766909068,"MAPKAPK2"
"MRPS18C",16.6967994630107,"MRPS18C"
"YY1AP1",14.4744169785262,"YY1AP1"
"UBXN7",9.48523109458295,"UBXN7"
"LSM6",11.8939407668448,"LSM6"
"NDEL1",21.3229996705482,"NDEL1"
"TRAPPC2L",12.3080972739033,"TRAPPC2L"
"SETD5",25.2487072893957,"SETD5"
"DNAJC7",20.0741118273088,"DNAJC7"
"ARF4",36.1817993755726,"ARF4"
"STIP1",19.695025330077,"STIP1"
"PCBP1",36.7160901366832,"PCBP1"
"GABARAP",49.9036719548358,"GABARAP"
"CHCHD7",18.2960315783279,"CHCHD7"
"PPP1CA",36.7197307571278,"PPP1CA"
"RPLP2",78.7344772946352,"RPLP2"
"UBE2N",28.3251516101527,"UBE2N"
"TMEM11",10.218737140494,"TMEM11"
"CYC1",20.5501492110623,"CYC1"
"IST1",34.82300568626,"IST1"
"UTP11",12.0663472035062,"UTP11"
"UPP1",25.1397280537989,"UPP1"
"TBK1",14.2800626946858,"TBK1"
"COPB2",21.5744623283881,"COPB2"
"BRWD1",28.9207591403262,"BRWD1"
"DRG1",12.5177074260999,"DRG1"
"RNPC3",26.1436880610332,"RNPC3"
"SUMO2",51.6566290820271,"SUMO2"
"ZNF292",32.9081731409771,"ZNF292"
"MCMBP",14.6633117051719,"MCMBP"
"CTR9",18.0059014907422,"CTR9"
"SNX2",23.7807059690171,"SNX2"
"SMIM7",20.1660388084013,"SMIM7"
"UBA52",73.1003992690244,"UBA52"
"PRKDC",33.6378723946751,"PRKDC"
"NBPF15",23.109002328065,"NBPF15"
"GGNBP2",29.858066791308,"GGNBP2"
"M6PR",19.5278182870882,"M6PR"
"SLC25A5",42.1915555523617,"SLC25A5"
"LAMP2",26.1312635015561,"LAMP2"
"MAP4K5",14.629920395085,"MAP4K5"
"NUDCD3",11.0245526941117,"NUDCD3"
"RB1CC1",26.4000133166082,"RB1CC1"
"ERP44",24.9159104815688,"ERP44"
"ARID4A",18.6339825140633,"ARID4A"
"ARID4B",45.8127918205473,"ARID4B"
"EIF4B",51.0261668009496,"EIF4B"
"YBX1",55.4114397167028,"YBX1"
"DHX29",14.4268951292948,"DHX29"
"RASSF1",19.9600755073419,"RASSF1"
"PICALM",23.111809028384,"PICALM"
"LMAN1",25.7688816974565,"LMAN1"
"UBE2A",20.519100153758,"UBE2A"
"GNB1",29.2720831155193,"GNB1"
"SMARCA2",33.8437794948138,"SMARCA2"
"PUM3",16.5019861298366,"PUM3"
"BZW1",44.9215830518743,"BZW1"
"DIS3",13.6690877633935,"DIS3"
"CYLD",24.9800244635697,"CYLD"
"RAB10",24.8839366331547,"RAB10"
"NFX1",12.3596230563468,"NFX1"
"GNAS",61.5924117509489,"GNAS"
"ANAPC5",30.6643974349439,"ANAPC5"
"NUDC",26.1259601772151,"NUDC"
"EXOC1",14.8587745512857,"EXOC1"
"NUP50",22.2862979216378,"NUP50"
"BTAF1",22.0666398644898,"BTAF1"
"WAC",33.9648807320661,"WAC"
"MED15",16.8159236410845,"MED15"
"PSMA3",43.6686831380334,"PSMA3"
"PSMB5",16.0466496028696,"PSMB5"
"GID8",10.2774656452427,"GID8"
"CDS2",29.0207432063239,"CDS2"
"MAPRE1",22.9288797582402,"MAPRE1"
"PMPCB",19.4773436890903,"PMPCB"
"DNAJC2",16.2995253126146,"DNAJC2"
"ZC3HAV1",45.4887567721594,"ZC3HAV1"
"CHCHD2",51.4692869781648,"CHCHD2"
"USP42",8.49569417804627,"USP42"
"RPL28",70.2970181647632,"RPL28"
"CYTH1",30.3162970276701,"CYTH1"
"PSMD11",32.5582123240468,"PSMD11"
"ZNF330",11.5012219298783,"ZNF330"
"GTF2H1",9.51612264448236,"GTF2H1"
"PTGES3",49.2575761852599,"PTGES3"
"SRSF3",66.2483313558074,"SRSF3"
"SMAP1",13.5240519852439,"SMAP1"
"TCERG1",25.7262353361325,"TCERG1"
"UNC50",13.6079704922061,"UNC50"
"ACADM",12.0482269412819,"ACADM"
"RPF1",14.2216053599395,"RPF1"
"SPCS2",37.0915227044749,"SPCS2"
"FBXL5",19.9405966278672,"FBXL5"
"MRPS14",10.7049668871056,"MRPS14"
"NAA50",19.8045697472298,"NAA50"
"PDS5A",25.9806258670105,"PDS5A"
"VPS26A",23.1336448276049,"VPS26A"
"USP22",26.3775715757315,"USP22"
"SNRPC",18.4254391393704,"SNRPC"
"MRPS7",12.2795439575413,"MRPS7"
"THOC2",34.7306613752147,"THOC2"
"SNRPB",40.0881887502265,"SNRPB"
"EIF2S2",34.0597579016575,"EIF2S2"
"CAPNS1",23.7606499715413,"CAPNS1"
"UBA2",15.4629754148803,"UBA2"
"BECN1",15.9833249992568,"BECN1"
"PSMG2",18.8030552925919,"PSMG2"
"EIF2AK4",16.7881828804228,"EIF2AK4"
"COPB1",27.9461950822218,"COPB1"
"MGAT1",29.9005103621186,"MGAT1"
"PNISR",34.2855431586152,"PNISR"
"DCAF8",18.3627227133786,"DCAF8"
"CTNNBL1",15.1495004293407,"CTNNBL1"
"PRPF38A",14.6971036989685,"PRPF38A"
"CEP350",29.2478649522043,"CEP350"
"EIF4E2",18.3146837153931,"EIF4E2"
"VEZF1",13.1405840946354,"VEZF1"
"PRCP",17.179770943766,"PRCP"
"ADAM10",23.4797054735115,"ADAM10"
"ANXA7",31.3658216684415,"ANXA7"
"RPS24",76.6291843781505,"RPS24"
"CIR1",22.751734643131,"CIR1"
"USO1",15.3238777516002,"USO1"
"PPP3CA",39.3039188691499,"PPP3CA"
"MAP1LC3B",46.7269440892418,"MAP1LC3B"
"RPL11",75.4877216307893,"RPL11"
"MRPL9",12.7804518170367,"MRPL9"
"LBR",18.9611469026154,"LBR"
"CALM2",67.282679688634,"CALM2"
"PPIP5K2",15.1721183954533,"PPIP5K2"
"MSN",43.5149211000456,"MSN"
"RPP30",9.89810221434147,"RPP30"
"GSTO1",28.4677865862852,"GSTO1"
"LIN7C",11.1794076156876,"LIN7C"
"ITPR1",18.7934028571095,"ITPR1"
"ADAM17",13.8067468462725,"ADAM17"
"PPP2R5E",15.4821530959498,"PPP2R5E"
"USP25",10.4582631742564,"USP25"
"USP16",25.9181386574786,"USP16"
"WIPI2",16.1016036308758,"WIPI2"
"PSMD4",26.09138369626,"PSMD4"
"SSU72",34.6398661591175,"SSU72"
"PDXK",14.528478358458,"PDXK"
"CSTB",28.4815918109735,"CSTB"
"DIP2A",17.8033874999081,"DIP2A"
"TAOK1",27.6709995186528,"TAOK1"
"CHTOP",18.6715685582384,"CHTOP"
"ZNF394",14.8066102791652,"ZNF394"
"RPL29",72.1685040769819,"RPL29"
"JAK1",50.3642127222234,"JAK1"
"DPY30",19.7790621483079,"DPY30"
"RPL9",80.8196062547904,"RPL9"
"SMIM14",20.7610609599009,"SMIM14"
"NAA15",17.6633234168587,"NAA15"
"PHAX",11.0856350857546,"PHAX"
"SUGT1",16.9532813581826,"SUGT1"
"FAM204A",19.7915782433381,"FAM204A"
"MAPRE2",23.435415310831,"MAPRE2"
"RAB8A",22.7418751130324,"RAB8A"
"RPSA",63.0902328113686,"RPSA"
"NDUFS5",49.6960506591875,"NDUFS5"
"AHCYL1",16.6178523743764,"AHCYL1"
"LETM1",11.431906971924,"LETM1"
"NFU1",13.8780256841867,"NFU1"
"USP47",21.8885976663754,"USP47"
"PRNP",32.9409554078291,"PRNP"
"ZNF24",17.6188618469312,"ZNF24"
"OXSR1",11.7722127375225,"OXSR1"
"EIF1AX",40.1029047656542,"EIF1AX"
"TRMT10C",11.591371322892,"TRMT10C"
"RALGAPA1",22.2114168835222,"RALGAPA1"
"NDUFA11",39.1591469915112,"NDUFA11"
"DCTN2",16.5399309900741,"DCTN2"
"CRLF3",17.196269758433,"CRLF3"
"SUZ12",12.552624030249,"SUZ12"
"MAF1",21.3834754488944,"MAF1"
"MRPL14",10.5588898822888,"MRPL14"
"LAMTOR4",37.122623974918,"LAMTOR4"
"SF3B3",13.0670754338277,"SF3B3"
"TOPORS",11.1507182106524,"TOPORS"
"RPL37A",80.8969251444876,"RPL37A"
"YTHDF2",23.7930730171196,"YTHDF2"
"TLK1",30.4635244842567,"TLK1"
"UBE2J1",25.2493431155526,"UBE2J1"
"TOP1",30.6825650785521,"TOP1"
"NELFE",13.5159379286894,"NELFE"
"ABCF1",17.0040410691582,"ABCF1"
"HMGN1",41.5175926391712,"HMGN1"
"RNPS1",32.2197252978346,"RNPS1"
"PPP2R2A",16.758900375481,"PPP2R2A"
"GTF2I",13.29988136415,"GTF2I"
"LIX1L",15.2679765830063,"LIX1L"
"CFLAR",45.0898582745936,"CFLAR"
"RBM5",31.8349641762988,"RBM5"
"JARID2",18.3561831308306,"JARID2"
"MAP2K3",22.8249413594851,"MAP2K3"
"MAP4",19.8585547520525,"MAP4"
"NOP58",47.9230517493494,"NOP58"
"SEC61A1",24.0444852970059,"SEC61A1"
"AP3D1",15.8710759052475,"AP3D1"
"RHOA",60.2684858274444,"RHOA"
"UFD1",19.0398015857931,"UFD1"
"ING3",15.0456689442769,"ING3"
"TSG101",18.8098675607784,"TSG101"
"ITCH",17.0281965445161,"ITCH"
"XRCC5",38.8582024546215,"XRCC5"
"CNOT4",15.9435832432817,"CNOT4"
"ESF1",13.5554094952867,"ESF1"
"PEBP1",34.4921132108582,"PEBP1"
"NDUFB2",37.7995032878686,"NDUFB2"
"GLG1",38.252155722645,"GLG1"
"SUPT16H",21.7530080802976,"SUPT16H"
"VTI1B",14.1324004551054,"VTI1B"
"DAAM1",15.6490925784901,"DAAM1"
"PSMC1",15.5047131382716,"PSMC1"
"ADNP",17.7431394889859,"ADNP"
"CDK16",12.4255018001292,"CDK16"
"INTS6",14.8884153551241,"INTS6"
"PON2",14.4616633182722,"PON2"
"EIF3B",15.2649386672205,"EIF3B"
"SEC61B",41.4440498807681,"SEC61B"
"BAG1",18.1745889593142,"BAG1"
"RPS6KB1",11.3441876122721,"RPS6KB1"
"NUP88",15.4519059293845,"NUP88"
"CCDC47",21.5505159281986,"CCDC47"
"NFKB1",27.5886286779815,"NFKB1"
"NDUFC1",30.898903590639,"NDUFC1"
"KLF3",21.7794124214327,"KLF3"
"UBE4A",25.3514444388324,"UBE4A"
"CD81",25.9144014997832,"CD81"
"RSRC2",43.5059811212394,"RSRC2"
"ARPC3",56.9039123694282,"ARPC3"
"EIF2B1",12.2064738217045,"EIF2B1"
"CNOT2",29.5195402078309,"CNOT2"
"SENP6",20.8050723000784,"SENP6"
"CLK4",14.2479214657118,"CLK4"
"TTC1",21.1466582287295,"TTC1"
"TFG",22.7800107873472,"TFG"
"EIF1B",33.7331346076693,"EIF1B"
"EIF2B4",11.0873058219187,"EIF2B4"
"NRBP1",20.2982112776132,"NRBP1"
"NDUFS7",22.7832037988099,"NDUFS7"
"CHMP3",22.1379321969143,"CHMP3"
"RAP1A",23.502675576198,"RAP1A"
"HDAC1",15.5334471555095,"HDAC1"
"PTBP2",16.2397489241424,"PTBP2"
"RCOR3",10.4760262443891,"RCOR3"
"HNRNPA2B1",63.7736378302073,"HNRNPA2B1"
"NT5C3A",17.8814385485501,"NT5C3A"
"MED13L",22.9260732952006,"MED13L"
"NCOA3",29.791370045763,"NCOA3"
"ZNFX1",22.9042576318688,"ZNFX1"
"BCAS4",58.336750847612,"BCAS4"
"LRRFIP1",55.4759350913554,"LRRFIP1"
"SBDS",33.76222631511,"SBDS"
"AAMP",17.745314681219,"AAMP"
"MKLN1",21.4477520352624,"MKLN1"
"MIS18BP1",22.1466472616627,"MIS18BP1"
"ITFG1",13.9145450774372,"ITFG1"
"EIF2S3",59.3214897503318,"EIF2S3"
"EIF3G",33.3174852027571,"EIF3G"
"ATP6V1E1",19.0964709308933,"ATP6V1E1"
"DHX30",12.5476336078797,"DHX30"
"DCTN4",12.3997901919177,"DCTN4"
"KRAS",19.2637954611504,"KRAS"
"BHLHE40",20.0389473033032,"BHLHE40"
"RBM17",32.9195683971859,"RBM17"
"TMEM258",46.1854503319438,"TMEM258"
"AKIRIN2",20.3710081096191,"AKIRIN2"
"CCT7",24.3387686582037,"CCT7"
"MDM2",24.1927023577195,"MDM2"
"WDR33",20.4733470925572,"WDR33"
"CDK5RAP2",8.85093290352335,"CDK5RAP2"
"RPL35",78.6452142262,"RPL35"
"TLN1",36.3373030407595,"TLN1"
"RSL24D1",33.1617624489478,"RSL24D1"
"ASCC1",10.3366710818008,"ASCC1"
"HNRNPD",35.5215094378323,"HNRNPD"
"NUP54",10.6787044045588,"NUP54"
"SBNO1",29.4719588593288,"SBNO1"
"WDR20",7.93721049333075,"WDR20"
"SAE1",11.9768832717378,"SAE1"
"POU2F1",12.6441488053041,"POU2F1"
"TOR1AIP1",17.9156667345161,"TOR1AIP1"
"TPM3",57.4976428177179,"TPM3"
"RPS27A",78.3620665554834,"RPS27A"
"SNRNP200",25.5112010960558,"SNRNP200"
"CNOT9",32.1762692387421,"CNOT9"
"RASA1",27.8797394840472,"RASA1"
"BTF3",61.1762207161947,"BTF3"
"POLR2K",19.9932771914301,"POLR2K"
"SEC16A",11.9586022812482,"SEC16A"
"CDC123",17.7499027140252,"CDC123"
"CACUL1",24.3158637229172,"CACUL1"
"ANAPC1",8.75105101352959,"ANAPC1"
"LARP1",30.1182027723726,"LARP1"
"VBP1",12.4012420508035,"VBP1"
"CCT8",30.8553176179943,"CCT8"
"RER1",21.315851552982,"RER1"
"NCK1",14.3815515623352,"NCK1"
"MITD1",12.6089988608381,"MITD1"
"GART",13.4549506381595,"GART"
"SNF8",16.209473708928,"SNF8"
"SAFB",17.5546126338947,"SAFB"
"UBXN1",31.3402666821392,"UBXN1"
"USP24",19.5038796697289,"USP24"
"RBBP4",29.9284647184005,"RBBP4"
"SLC30A7",14.1947730621115,"SLC30A7"
"WDR26",21.4024249622243,"WDR26"
"SLBP",18.8015289244903,"SLBP"
"CASP3",14.4138601962349,"CASP3"
"UQCRQ",47.7755369909704,"UQCRQ"
"STXBP5",7.44744070656545,"STXBP5"
"RAD21",30.9001579184662,"RAD21"
"RPL36AL",66.6033662572037,"RPL36AL"
"BRD7",14.0222752919329,"BRD7"
"CUL5",15.9392804970104,"CUL5"
"GPX4",44.2047422950282,"GPX4"
"SRRM2",52.2312543993029,"SRRM2"
"HOOK3",24.5360013432786,"HOOK3"
"BPTF",41.0255955512784,"BPTF"
"CFL1",74.2465415219123,"CFL1"
"NAA16",10.2087971226611,"NAA16"
"SP3",18.5593787605038,"SP3"
"RPL15",77.744076099744,"RPL15"
"ASB8",9.58673058666054,"ASB8"
"GADD45GIP1",23.1142946228826,"GADD45GIP1"
"PTP4A2",49.720725251269,"PTP4A2"
"ACTG1",67.2898727412278,"ACTG1"
"UBE2G2",25.0097669987731,"UBE2G2"
"SIVA1",20.6923646896477,"SIVA1"
"PRPF39",12.9927880351152,"PRPF39"
"UBE2L3",30.532938457982,"UBE2L3"
"UBE2H",21.3415688249139,"UBE2H"
"RPS19BP1",18.5729883623705,"RPS19BP1"
"NBR1",15.9738591127538,"NBR1"
"PNRC2",36.9121517100479,"PNRC2"
"XRCC6",37.9376744380327,"XRCC6"
"TSC22D2",26.925955806176,"TSC22D2"
"PCBP2",41.4198606053391,"PCBP2"
"PSMD12",23.2854278661549,"PSMD12"
"MRPL21",11.3574727444434,"MRPL21"
"SPTAN1",25.9244007205504,"SPTAN1"
"MAN1A2",22.944706642669,"MAN1A2"
"HELZ",24.9315886109295,"HELZ"
"SMC5",24.2451451245074,"SMC5"
"RPL39",81.8045605169859,"RPL39"
"VDAC1",23.9582426410495,"VDAC1"
"FIS1",21.9308554002535,"FIS1"
"BRK1",35.0048556710501,"BRK1"
"RBM8A",46.3734447731437,"RBM8A"
"CWC25",14.8226061811592,"CWC25"
"CREBBP",27.9840611553787,"CREBBP"
"PTBP1",26.902415769657,"PTBP1"
"ERCC1",19.0039366646202,"ERCC1"
"SLC30A9",12.9397693876991,"SLC30A9"
"AQR",16.1769261740463,"AQR"
"BRD9",14.4034314215211,"BRD9"
"RABEP1",18.3451524382487,"RABEP1"
"POLR2B",20.510918993792,"POLR2B"
"TPR",41.5928866770024,"TPR"
"ZNF800",21.1849071275511,"ZNF800"
"SIKE1",10.9862873917823,"SIKE1"
"THRAP3",51.4618938947839,"THRAP3"
"ATP11B",17.5025776696937,"ATP11B"
"MON2",17.9019689606858,"MON2"
"SLC12A2",11.6025831154514,"SLC12A2"
"PKN2",17.1845522319804,"PKN2"
"MEF2A",19.4697181443593,"MEF2A"
"IP6K2",20.4255700992771,"IP6K2"
"SEL1L",21.1392486092395,"SEL1L"
"ZNF638",29.4122689486329,"ZNF638"
"BAZ2A",22.6125567443886,"BAZ2A"
"JADE1",11.2544181812652,"JADE1"
"FDFT1",15.9080479361448,"FDFT1"
"PSEN1",17.4732781837427,"PSEN1"
"DDX18",41.2107410885976,"DDX18"
"ZBTB25",15.5582816482274,"ZBTB25"
"PABPC4",30.8120551391325,"PABPC4"
"TXNL1",20.3068935312131,"TXNL1"
"TRPM7",17.729660980661,"TRPM7"
"MYL6",73.6257406799337,"MYL6"
"SH3GLB1",25.1554942153331,"SH3GLB1"
"RBX1",39.0539611789392,"RBX1"
"NIN",19.8108729324967,"NIN"
"PFDN4",14.7239095523444,"PFDN4"
"CSNK2A1",18.2936792295068,"CSNK2A1"
"RIOK3",23.1184948408288,"RIOK3"
"NAA10",14.1794402193817,"NAA10"
"UBE2I",31.7119531133844,"UBE2I"
"ELOB",55.0999778083694,"ELOB"
"FBL",18.4663280040856,"FBL"
"CDC37",29.8857686203376,"CDC37"
"OGDH",16.7071155439071,"OGDH"
"EIF3A",37.7937951891613,"EIF3A"
"LARP4B",24.9821489505919,"LARP4B"
"BCCIP",20.816711177515,"BCCIP"
"NUFIP2",23.663585379438,"NUFIP2"
"DHX40",8.03503062123689,"DHX40"
"KPNB1",31.2836582367623,"KPNB1"
"RPL34",82.1699483192977,"RPL34"
"FNBP4",29.8610518448511,"FNBP4"
"MLEC",17.5750734346143,"MLEC"
"MRPL51",25.5422787514644,"MRPL51"
"PPP2CA",38.9217607021259,"PPP2CA"
"PPWD1",14.2564887474601,"PPWD1"
"UBE3A",21.0930301858221,"UBE3A"
"ARMC8",18.1735345333517,"ARMC8"
"NCBP2",17.6767261448516,"NCBP2"
"PIKFYVE",13.9512263657321,"PIKFYVE"
"PPM1G",15.6208890767387,"PPM1G"
"RPS15",83.0769463015193,"RPS15"
"MRPL19",9.30317835617896,"MRPL19"
"KDM3A",11.6155729464725,"KDM3A"
"TIA1",16.9291152964516,"TIA1"
"STXBP3",17.7199048489034,"STXBP3"
"PARK7",37.2954435796877,"PARK7"
"SRSF4",19.0918677730065,"SRSF4"
"STAG1",13.975673564548,"STAG1"
"VAMP8",33.339219801601,"VAMP8"
"IRF2BPL",14.077471730572,"IRF2BPL"
"GNA13",18.7355410587122,"GNA13"
"PAIP2",46.0403760988714,"PAIP2"
"CLTA",26.1248055583978,"CLTA"
"RNF114",27.1803262286214,"RNF114"
"MEA1",16.3545084262538,"MEA1"
"CANX",23.6672775064871,"CANX"
"VPS13C",36.3044541732911,"VPS13C"
"NGDN",18.479002580624,"NGDN"
"TRIM28",20.6845317058745,"TRIM28"
"UBE4B",9.07396431530183,"UBE4B"
"SYNE1",19.3662665827959,"SYNE1"
"RBM39",73.8643740555,"RBM39"
"TBC1D5",14.3648768749233,"TBC1D5"
"NDUFA2",30.1749714715664,"NDUFA2"
"UBE2D2",37.0482701951405,"UBE2D2"
"PPFIA1",12.6199668682876,"PPFIA1"
"CHSY1",17.3150655597238,"CHSY1"
"NXT1",15.2670930550575,"NXT1"
"FKBP11",22.656402238719,"FKBP11"
"LPIN1",24.6310751615681,"LPIN1"
"ARGLU1",56.8835755812025,"ARGLU1"
"MAP3K7",9.94626729592587,"MAP3K7"
"CD164",39.7554680243201,"CD164"
"PSMB7",26.5284259835018,"PSMB7"
"CTDSPL2",11.9269320176635,"CTDSPL2"
"GTF2B",23.5994810919188,"GTF2B"
"SENP7",15.0004217669799,"SENP7"
"SCAF11",45.4627253168743,"SCAF11"
"RBM26",22.2813743644562,"RBM26"
"GLYR1",12.6870440577136,"GLYR1"
"EIF4A3",35.5306912082472,"EIF4A3"
"MIEN1",20.0819271468758,"MIEN1"
"RPS11",85.6174826627845,"RPS11"
"MTF2",17.1292351757573,"MTF2"
"PSMA5",23.533744077456,"PSMA5"
"SF3B4",15.4981623197939,"SF3B4"
"HSPD1",47.0402855759602,"HSPD1"
"NFKBIZ",40.4911373527282,"NFKBIZ"
"EIF2A",22.1660328218001,"EIF2A"
"YIPF5",14.3034588461122,"YIPF5"
"G3BP1",35.588508133051,"G3BP1"
"TLK2",11.2246106543165,"TLK2"
"EBP",17.0906515765896,"EBP"
"SLC25A37",11.60667973811,"SLC25A37"
"NDUFB9",36.2007295797188,"NDUFB9"
"RPL7A",69.7417513374084,"RPL7A"
"ITGB1",37.1979899916971,"ITGB1"
"ARID5B",18.5666786479636,"ARID5B"
"EIF4E",26.5090694138144,"EIF4E"
"JMY",14.474273002477,"JMY"
"HNRNPU",55.7619225160843,"HNRNPU"
"RMND5A",26.2322964858756,"RMND5A"
"SREK1",29.9611378910761,"SREK1"
"RRAGA",12.8862694446994,"RRAGA"
"PTDSS1",14.1375951293821,"PTDSS1"
"SHC1",14.9751501498667,"SHC1"
"AP2M1",31.3304896925566,"AP2M1"
"EIF4A1",33.423655244854,"EIF4A1"
"RPL22L1",22.6072776924051,"RPL22L1"
"SLMAP",11.4866539657804,"SLMAP"
"MEAF6",22.2261581900916,"MEAF6"
"RNF168",13.0491618698355,"RNF168"
"PGGT1B",11.5901177252255,"PGGT1B"
"COX6C",52.9323008887373,"COX6C"
"YWHAZ",72.0606387175293,"YWHAZ"
"STOML2",13.3688056392709,"STOML2"
"NSD1",13.4738975472618,"NSD1"
"MAPK1IP1L",39.6355569798894,"MAPK1IP1L"
"TET2",14.5205408892298,"TET2"
"XPO6",20.5860584779027,"XPO6"
"SF3B5",37.1593045298164,"SF3B5"
"UBE2E3",13.5123896789486,"UBE2E3"
"NUDCD2",14.7475347177105,"NUDCD2"
"AFF1",25.0819769915366,"AFF1"
"DMXL1",12.6811878405702,"DMXL1"
"NUDT4",13.9934229393933,"NUDT4"
"ANKLE2",18.2293205486555,"ANKLE2"
"GRB2",46.4428865883008,"GRB2"
"COX14",25.5141652319837,"COX14"
"PUF60",16.4947109970908,"PUF60"
"TRNAU1AP",9.36324980681058,"TRNAU1AP"
"PRKRA",15.8510105320564,"PRKRA"
"ATP6AP2",27.6197355509014,"ATP6AP2"
"COA3",15.940386067294,"COA3"
"RBM33",16.3275785257577,"RBM33"
"HGS",13.314344981057,"HGS"
"KPNA4",21.8206723338947,"KPNA4"
"INSIG1",19.7461001062269,"INSIG1"
"NAP1L1",54.3101082638906,"NAP1L1"
"IGF2R",15.8553358164616,"IGF2R"
"RPS4X",74.6982376900196,"RPS4X"
"QRICH1",23.196656342267,"QRICH1"
"CNOT7",28.1257722218757,"CNOT7"
"OPA1",11.4301091023397,"OPA1"
"FNIP1",25.1089137819196,"FNIP1"
"FAM133B",31.9965099860722,"FAM133B"
"TIMM23",15.1639125846482,"TIMM23"
"DCP1A",19.8745363330396,"DCP1A"
"RBM6",49.3848425187437,"RBM6"
"MYCBP2",33.4098300630753,"MYCBP2"
"VPS41",10.4683527979212,"VPS41"
"SS18L2",19.8198182973973,"SS18L2"
"VTA1",14.3452204322894,"VTA1"
"RNF10",26.1104722463261,"RNF10"
"UBR2",23.2976714584289,"UBR2"
"HIPK2",20.4191404073981,"HIPK2"
"NFYC",13.0822886386167,"NFYC"
"DNTTIP2",32.8556383457523,"DNTTIP2"
"CBFB",19.3290644069167,"CBFB"
"NUCKS1",46.2614779308046,"NUCKS1"
"GNB5",8.98614784026065,"GNB5"
"BUD23",17.4286415524017,"BUD23"
"DAZAP1",12.360317537531,"DAZAP1"
"DDX1",17.0589497908613,"DDX1"
"RIF1",21.6940164118945,"RIF1"
"PDS5B",22.7965621753728,"PDS5B"
"ATRX",50.8400303615484,"ATRX"
"DNM1L",17.3931584427226,"DNM1L"
"TMEM230",27.5317427773825,"TMEM230"
"GOLGA3",15.6411103960063,"GOLGA3"
"OSBPL8",34.6990069045709,"OSBPL8"
"MAP3K1",15.2868542172776,"MAP3K1"
"AHSA1",24.5398633047679,"AHSA1"
"NOP56",27.9743044382905,"NOP56"
"VAPA",44.1019893961374,"VAPA"
"GSPT1",26.4438937392565,"GSPT1"
"RAB11A",25.7733743001173,"RAB11A"
"FAM32A",18.7942712450564,"FAM32A"
"NAPA",21.8134547805232,"NAPA"
"RBM28",10.3409281216358,"RBM28"
"VSIR",27.0252556066604,"VSIR"
"SMURF2",11.346904009101,"SMURF2"
"GRPEL1",18.6451878669065,"GRPEL1"
"FBXW7",17.7704562689863,"FBXW7"
"CHORDC1",12.3291971845686,"CHORDC1"
"BIRC2",18.6694917162767,"BIRC2"
"VPS29",33.9886468213029,"VPS29"
"GOLT1B",12.143400236071,"GOLT1B"
"ASCC3",18.5630563146065,"ASCC3"
"QKI",24.0285753390123,"QKI"
"PFDN1",18.800376194706,"PFDN1"
"NR3C1",28.6149492896446,"NR3C1"
"XRN1",27.4632405527951,"XRN1"
"PDCD10",18.3478802586611,"PDCD10"
"ACAP2",32.8896632062814,"ACAP2"
"EIF4G1",23.6624866355798,"EIF4G1"
"BIRC6",35.0074489197005,"BIRC6"
"SOS1",12.7662869066443,"SOS1"
"NFE2L2",42.4283281244318,"NFE2L2"
"SRSF11",57.0159663367931,"SRSF11"
"UAP1",18.8092205419927,"UAP1"
"CD46",23.9905479625817,"CD46"
"NSL1",10.8336430533529,"NSL1"
"ARID1A",27.6868572151104,"ARID1A"
"KMT2A",30.4110821694864,"KMT2A"
"PHF3",27.4590552408918,"PHF3"
"RAB3GAP2",16.1531517354378,"RAB3GAP2"
"COPA",33.1040603671303,"COPA"
"PFDN5",69.9864005269386,"PFDN5"
"AGO2",31.628506157871,"AGO2"
"CHD6",19.8169355519978,"CHD6"
"SNRNP27",24.8707601726303,"SNRNP27"
"EMC3",19.81809516916,"EMC3"
"UPF3B",15.8543385163021,"UPF3B"
"PSMF1",20.178961438519,"PSMF1"
"ROMO1",42.2143263989197,"ROMO1"
"NUP214",16.6394966248687,"NUP214"
"PPCS",18.1238029068877,"PPCS"
"SEM1",38.3005054888343,"SEM1"
"NDUFA5",22.9769667151394,"NDUFA5"
"PSMA1",33.2717265911473,"PSMA1"
"CCNT1",14.3686050988139,"CCNT1"
"EAPP",20.6261433319054,"EAPP"
"CHMP2A",27.417511215078,"CHMP2A"
"COX4I1",65.5670549925156,"COX4I1"
"RPL27",78.3768927458092,"RPL27"
"EFR3A",11.5178991506097,"EFR3A"
"ZRANB2",34.2854357675841,"ZRANB2"
"NASP",29.8912591169467,"NASP"
"WDR74",16.3127280994914,"WDR74"
"MED10",20.8498904444546,"MED10"
"CEPT1",14.6856886025823,"CEPT1"
"PPHLN1",26.5511673021182,"PPHLN1"
"YWHAQ",38.5900648384889,"YWHAQ"
"RPS15A",74.3971904725422,"RPS15A"
"TMEM243",23.7497624105023,"TMEM243"
"MRPL47",11.0829161595523,"MRPL47"
"TRA2B",52.3726646119273,"TRA2B"
"GRHPR",11.3040161907349,"GRHPR"
"CNPY3",22.6562593823931,"CNPY3"
"RB1",22.2202272309998,"RB1"
"DENR",16.5924161174243,"DENR"
"COPS3",12.78127209609,"COPS3"
"SSH2",25.9721292653363,"SSH2"
"SS18",16.7860130067705,"SS18"
"CSNK1D",25.2678486068868,"CSNK1D"
"POGZ",29.0221769133672,"POGZ"
"LYST",26.4475889764268,"LYST"
"SRP9",40.2927367518322,"SRP9"
"MARCHF6",46.8980423598254,"MARCHF6"
"PIK3R1",26.1311435711249,"PIK3R1"
"BDP1",17.7098334696426,"BDP1"
"ATP6V1B2",17.7943533348816,"ATP6V1B2"
"EIF3H",40.537670183375,"EIF3H"
"CARHSP1",14.1589848799904,"CARHSP1"
"RANBP2",40.5785322235239,"RANBP2"
"CEBPG",10.7392359638114,"CEBPG"
"ADK",14.4841014504605,"ADK"
"TSR2",10.8570365138234,"TSR2"
"NAE1",11.5972819500344,"NAE1"
"CCDC12",18.4958920550182,"CCDC12"
"USP1",12.9658444667739,"USP1"
"CCT3",26.5695543992278,"CCT3"
"SUCLG1",14.9003680110565,"SUCLG1"
"TKT",19.7624939296515,"TKT"
"NEMF",31.6693102250676,"NEMF"
"CEP57",19.2133034137672,"CEP57"
"CCT2",26.9947674278486,"CCT2"
"ARIH1",20.1450874532746,"ARIH1"
"TERF2IP",35.7800671425431,"TERF2IP"
"PDIA3",47.2887178453221,"PDIA3"
"NUDT21",13.9312199392113,"NUDT21"
"ANKRD11",34.2447102837602,"ANKRD11"
"NDUFV1",23.3721543257135,"NDUFV1"
"RBPJ",20.5142392919407,"RBPJ"
"ANKRD49",11.5874015459363,"ANKRD49"
"MFF",18.2403091873083,"MFF"
"TRAPPC1",32.7096502040663,"TRAPPC1"
"HNRNPA3",39.9991748213891,"HNRNPA3"
"RNF139",12.3150171764146,"RNF139"
"CHD7",21.6570221845295,"CHD7"
"RSL1D1",38.9475829111278,"RSL1D1"
"TBCA",30.9414887138337,"TBCA"
"ZNF217",13.4046148593923,"ZNF217"
"GNB2",24.0945798444657,"GNB2"
"RPL38",71.9314042665028,"RPL38"
"RELA",16.2084391784619,"RELA"
"PSMD1",19.1103357475681,"PSMD1"
"TOMM20",25.5605350846059,"TOMM20"
"LARP7",22.8474242066826,"LARP7"
"YIF1A",12.7494733966922,"YIF1A"
"TBL1XR1",37.2264482221144,"TBL1XR1"
"DPM3",14.8457670137403,"DPM3"
"SAMD4B",14.8557660245117,"SAMD4B"
"PAK2",30.6292229003336,"PAK2"
"SETD2",22.4188872466769,"SETD2"
"CREB3L2",20.0725481899706,"CREB3L2"
"CNOT10",9.84757140150582,"CNOT10"
"YTHDF3",18.8138998024558,"YTHDF3"
"HEXIM1",15.1576239487056,"HEXIM1"
"USP7",25.8881392833021,"USP7"
"ZC3H6",15.8252653221398,"ZC3H6"
"CASP4",25.2527545149686,"CASP4"
"DYNC1H1",36.2317886885096,"DYNC1H1"
"RPS26",69.4454110359,"RPS26"
"MRPL42",14.8978126708936,"MRPL42"
"CAPZA2",33.6145313541267,"CAPZA2"
"ATXN2",16.5380863578188,"ATXN2"
"RPS28",76.7800786743266,"RPS28"
"MRPS6",19.1357946518828,"MRPS6"
"RBM12",18.7672409833015,"RBM12"
"RALA",14.4177166512616,"RALA"
"IFRD1",33.5212001024912,"IFRD1"
"MYLIP",19.522403150081,"MYLIP"
"SLC4A7",21.0623164934709,"SLC4A7"
"MTREX",12.4532171323948,"MTREX"
"STAU2",9.45514073074231,"STAU2"
"PSMA4",29.2965418680732,"PSMA4"
"OFD1",28.2030928358421,"OFD1"
"YTHDC2",14.7948097986532,"YTHDC2"
"USP36",28.3528863597505,"USP36"
"GPBP1",39.3622046977027,"GPBP1"
"RPL18",76.3964284330201,"RPL18"
"ATP1B3",37.5898663908215,"ATP1B3"
"MAP4K4",20.1897997547687,"MAP4K4"
"RPL31",83.2887707777473,"RPL31"
"ATP6AP1",23.9030959064357,"ATP6AP1"
"FAM50A",14.036318700577,"FAM50A"
"AFF4",26.3155890964143,"AFF4"
"SMC1A",17.0685330332965,"SMC1A"
"DERL2",19.192617279478,"DERL2"
"SMARCE1",19.0959354047526,"SMARCE1"
"DYNC1I2",24.1457023753735,"DYNC1I2"
"UBE2K",16.053006993642,"UBE2K"
"VDAC3",23.8239976742854,"VDAC3"
"DNM2",18.9402453345868,"DNM2"
"RAB21",27.0572487568115,"RAB21"
"WDR70",11.820288603953,"WDR70"
"TXLNA",16.914461683677,"TXLNA"
"PSMC5",24.1952641633758,"PSMC5"
"DDX24",36.2789155575052,"DDX24"
"SPTLC1",11.5861768682249,"SPTLC1"
"PAPOLA",40.9490194900611,"PAPOLA"
"DNAJB11",19.020790526815,"DNAJB11"
"EIF3L",26.935309994243,"EIF3L"
"SNU13",44.2591467041707,"SNU13"
"ERH",16.4790933417939,"ERH"
"PPP4R3A",23.5829751068399,"PPP4R3A"
"TRIP11",20.8162297491652,"TRIP11"
"PNN",36.6361452203742,"PNN"
"SMS",16.4857482661663,"SMS"
"MAGED2",16.8944750848989,"MAGED2"
"CYB5B",19.0546577422724,"CYB5B"
"DCTN6",18.1608345178556,"DCTN6"
"POLR2I",17.6395657099867,"POLR2I"
"PPP2R1A",25.3666186489503,"PPP2R1A"
"EIF4H",30.5032369363213,"EIF4H"
"UBE2R2",14.5454944046457,"UBE2R2"
"DDX50",16.1806215631227,"DDX50"
"C1QBP",25.3387428748148,"C1QBP"
"AIP",19.5389212972901,"AIP"
"NUP107",11.7207297239439,"NUP107"
"CPSF6",15.5873388643302,"CPSF6"
"CCND3",35.4427837842991,"CCND3"
"BRD8",13.2038095010901,"BRD8"
"SKP1",58.054682011046,"SKP1"
"SMAD5",12.9148188967758,"SMAD5"
"RPL24",70.8586737733708,"RPL24"
"SPTBN1",22.5533572584471,"SPTBN1"
"AUP1",34.2472333929958,"AUP1"
"STAT1",15.044516602736,"STAT1"
"GLS",25.9049769295503,"GLS"
"CCT4",27.2066501397267,"CCT4"
"MOB4",15.1993202824626,"MOB4"
"PPP1R7",13.9396117750423,"PPP1R7"
"AAK1",20.0859729935391,"AAK1"
"PRDM2",33.2888645237961,"PRDM2"
"MAP7D1",12.4328888904333,"MAP7D1"
"LGALS8",15.0872639956228,"LGALS8"
"RLF",13.9977299386361,"RLF"
"ATP6V0B",37.4892184310216,"ATP6V0B"
"OSBPL9",14.7384676130173,"OSBPL9"
"NDUFB3",21.6911529569365,"NDUFB3"
"SET",62.8457944229295,"SET"
"PPP6C",15.427616443413,"PPP6C"
"YLPM1",16.4446569247044,"YLPM1"
"ENY2",31.7715079218378,"ENY2"
"ETF1",27.0382854804096,"ETF1"
"ZC3H7A",18.0036292204774,"ZC3H7A"
"SEPTIN7",50.2459153863997,"SEPTIN7"
"STAU1",24.1566010369099,"STAU1"
"TBCC",16.9594933666451,"TBCC"
"RREB1",16.841319610171,"RREB1"
"TM9SF2",26.6675181315974,"TM9SF2"
"HNRNPR",19.2701274738392,"HNRNPR"
"SMARCA4",15.4245969659532,"SMARCA4"
"DNAJB9",21.7892807823591,"DNAJB9"
"DAD1",44.3081074299233,"DAD1"
"MRPL34",18.3182189450009,"MRPL34"
"LSM7",33.8707646351009,"LSM7"
"NDUFA10",19.1859215749452,"NDUFA10"
"PER2",12.8003256257402,"PER2"
"DMTF1",20.6337116775349,"DMTF1"
"SYNCRIP",25.4966150907528,"SYNCRIP"
"RC3H1",30.5536747873692,"RC3H1"
"ISCU",40.8878515592157,"ISCU"
"DCAF7",19.5580680429974,"DCAF7"
"RIPK1",10.5343892266035,"RIPK1"
"LRPPRC",17.3679570282845,"LRPPRC"
"PPIG",40.9551700349073,"PPIG"
"ETV6",16.8740527747104,"ETV6"
"NUP58",17.3016358576646,"NUP58"
"N4BP2L1",15.5289364433191,"N4BP2L1"
"SRP14",66.1824284230272,"SRP14"
"NCOA2",19.3886463297752,"NCOA2"
"GALNT1",16.0124392658717,"GALNT1"
"SNAPIN",11.2672476157439,"SNAPIN"
"GUK1",43.9144284773048,"GUK1"
"PARP1",21.7866986593113,"PARP1"
"MRPS5",18.9090890631774,"MRPS5"
"UBXN4",48.6917924167249,"UBXN4"
"NDUFB11",37.4487394507396,"NDUFB11"
"NONO",44.8109262020881,"NONO"
"RPL10",78.888610950087,"RPL10"
"ZCCHC7",15.0737644253387,"ZCCHC7"
"EIF4EBP2",22.6040143591815,"EIF4EBP2"
"CELF1",24.1089451498641,"CELF1"
"ALDOA",43.3573587857311,"ALDOA"
"TIMM8B",18.1207300950615,"TIMM8B"
"SCAF4",14.4588091203378,"SCAF4"
"EIF4A2",56.2694488978596,"EIF4A2"
"MORC3",14.4561315469719,"MORC3"
"CTBP1",48.2447225824681,"CTBP1"
"BSDC1",13.4798608741992,"BSDC1"
"PSMC2",16.9154243703006,"PSMC2"
"MAGOH",14.1230958326615,"MAGOH"
"NCSTN",18.3435966726973,"NCSTN"
"TMEM183A",14.3913813934893,"TMEM183A"
"ZNF148",14.3953502818035,"ZNF148"
"HMGB2",32.3406771767826,"HMGB2"
"ABCE1",12.6709060847615,"ABCE1"
"TRA2A",63.5277697412852,"TRA2A"
"DCAF13",12.9196725231791,"DCAF13"
"COPS2",14.9081461761545,"COPS2"
"MRPL16",14.7724850310123,"MRPL16"
"EEF2",57.7941000138322,"EEF2"
"SLC3A2",32.4793627264658,"SLC3A2"
"SF1",43.6525776236141,"SF1"
"MPLKIP",12.8554092942425,"MPLKIP"
"CNBP",60.5096038642891,"CNBP"
"HSPA4",20.2132876038295,"HSPA4"
"SMARCC1",19.7201862275597,"SMARCC1"
"DDX23",9.66212335535532,"DDX23"
"DENND4A",23.8720595467909,"DENND4A"
"PTPN2",26.0720593913301,"PTPN2"
"EIF3F",42.2855350048749,"EIF3F"
"CTDNEP1",13.9891870113081,"CTDNEP1"
"ZBTB38",25.0178492044975,"ZBTB38"
"BET1L",12.8807188144298,"BET1L"
"COX5A",29.6871343284104,"COX5A"
"TAF7",39.2384878327579,"TAF7"
"SPTY2D1",12.4676585530529,"SPTY2D1"
"EHMT1",20.1838271286679,"EHMT1"
"NOP10",34.3360741613639,"NOP10"
"PPP1R2",32.0133517032296,"PPP1R2"
"MORF4L1",57.7440235432703,"MORF4L1"
"POLR3C",9.11484955972488,"POLR3C"
"CHP1",39.8355414411572,"CHP1"
"GTF2F2",10.7014103581943,"GTF2F2"
"SRSF10",35.5291501403067,"SRSF10"
"PTAR1",9.72446387541204,"PTAR1"
"NF1",15.2608890376838,"NF1"
"BAZ1A",34.2173337020065,"BAZ1A"
"PHACTR4",18.0438603098475,"PHACTR4"
"SDHD",30.0651193545691,"SDHD"
"CSNK2B",27.5010970454203,"CSNK2B"
"IPO7",15.0730364563455,"IPO7"
"SCAF8",9.23803434116289,"SCAF8"
"MRPS21",32.0305682021884,"MRPS21"
